num,rt_a1_r1,rt_a1_r2,rt_a1_r3,rt_a1_r4,rt_a1_r5,rt_a1_r6,rt_a1_r7,rt_a1_r8,rt_a1_r9,rt_a1_r10,rt_a1_r11,rt_a1_r12,rt_a1_r13,rt_a1_r14,rt_a1_r15,rt_a1_r16,rt_a1_r17,rt_a1_r18,rt_a1_r19,rt_a1_r20,rt_a1_r21,rt_a1_r22,rt_a1_r23,rt_a1_r24,rt_a2_r1,rt_a2_r2,rt_a2_r3,rt_a2_r4,rt_a2_r5,rt_a2_r6,rt_a2_r7,rt_a2_r8,rt_a2_r9,rt_a2_r10,rt_a2_r11,rt_a2_r12,rt_a2_r13,rt_a2_r14,rt_a2_r15,rt_a2_r16,rt_a2_r17,rt_a2_r18,rt_a2_r19,rt_a2_r20,rt_a2_r21,rt_a2_r22,rt_a2_r23,rt_a2_r24,rt_a3_r1,rt_a3_r2,rt_a3_r3,rt_a3_r4,rt_a3_r5,rt_a3_r6,rt_a3_r7,rt_a3_r8,rt_a3_r9,rt_a3_r10,rt_a3_r11,rt_a3_r12,rt_a3_r13,rt_a3_r14,rt_a3_r15,rt_a3_r16,rt_a3_r17,rt_a3_r18,rt_a3_r19,rt_a3_r20,rt_a3_r21,rt_a3_r22,rt_a3_r23,rt_a3_r24
1,3202,1908,2098,4300,1842,2964,2268,2466,1781,2045,2156,1727,1476,2698,4827,2617,2630,1768,1464,2730,1952,2499,2980,2058,4941,4620,1808,1945,1474,1906,2491,2033,2054,2673,1646,1566,1546,1478,1564,1807,1992,2444,1061,6521,2630,1529,1607,3199,3295,2512,2254,2035,2773,2481,3818,3137,2235,1988,1858,2328,2195,2231,2226,1834,2299,1746,1941,3044,2189,2234,1908,2753
2,5581,2106,2892,2615,3307,3359,3240,2862,3312,4574,2865,2472,3245,2485,1924,3092,5717,2819,2369,2895,2372,5947,1945,3367,10161,918,5191,6055,3007,5209,10138,5600,7752,10963,11111,2754,7208,1768,2799,3091,2912,8639,6575,2841,5736,6541,3865,2473,4220,1994,2463,3528,2146,2350,5484,4609,3126,3879,10311,5383,6298,1673,4559,1387,1619,5555,5188,2085,2899,2326,2703,2220
3,2442,1597,1780,1486,1412,1267,1754,1637,1658,1334,1252,1915,4732,2075,1408,1371,1446,1329,1578,1492,3525,1125,3431,1578,8939,1710,3286,4989,4918,2201,6929,1207,2431,2097,2128,1211,2398,2654,1972,1702,1032,2343,1906,1479,4155,3558,5356,1066,1705,2791,1671,723,1793,2336,2420,1643,2244,1694,1608,3233,2484,2072,1742,2113,795,1727,2045,2406,1483,1061,1682,2276
4,1517,1654,1317,2578,2470,1001,1178,1004,1035,2018,838,1595,2233,989,1766,3709,2710,1843,897,1544,1685,925,2654,1507,2374,886,3396,677,1494,848,8330,1206,5170,1138,3776,941,1710,1143,4131,841,9188,935,921,1012,3007,822,11288,931,1302,1430,812,1174,1853,801,1739,954,5123,755,1973,922,1840,1043,1628,1436,1595,1724,1230,2615,1454,1408,2274,1263
5,5284,8284,4311,2343,2044,4362,6253,3935,2361,3844,5530,3090,3746,3943,3387,1035,1761,2916,6923,4460,2957,3640,3651,2605,7239,11300,5455,2962,6232,6700,4129,2137,4901,6579,5535,1750,2307,8265,2856,1930,6928,5140,5779,7128,2548,2490,4333,7354,7371,5037,9653,3666,3531,3722,4153,5946,3220,7301,2047,2160,1765,2037,1610,1198,1841,2009,5894,1767,1962,1960,2078,1634
6,4868,2589,1501,4092,4108,1975,1273,8490,5124,2591,1233,2439,2175,9681,2913,2017,6848,1380,1864,6708,1819,1658,4703,3659,3883,1965,1579,10109,2104,2118,2061,2097,1665,3077,1322,1662,1175,5275,4725,1492,2192,2460,1710,1582,1353,2071,1109,2181,3815,1219,1536,7673,8895,1519,1651,2086,11721,1827,1277,6646,1184,2745,1216,2413,2280,2436,1787,12481,1202,1209,3051,3852
7,7243,3502,4488,7489,6700,6962,2661,5705,6712,3598,4785,5082,4600,3471,4901,2447,5451,8197,6350,4875,4194,5515,2822,2381,3291,2267,2675,6235,7604,10243,3309,2962,6990,1655,2387,2510,1825,2677,2115,4568,5961,7121,3286,1863,1972,2125,1860,2234,5664,2888,3159,2573,4881,7897,3050,6152,7796,2371,2293,2268,2093,3039,5081,4011,5827,5361,4036,3520,3197,4166,2711,2823
8,2873,2480,1912,6679,2317,1633,1902,1573,1340,2533,1556,2233,4458,751,773,889,8054,6548,714,2238,4737,3964,2492,1679,4483,1479,1778,1579,1762,2180,1099,4832,1557,2101,1866,1538,1135,5636,3008,2221,2860,1995,1833,1481,1846,2112,1401,2562,657,3428,2169,1035,934,1007,1050,880,1025,2843,695,845,2666,973,1804,801,7178,1657,1804,1485,734,951,730,2332
9,3338,1982,1769,986,1854,1234,2542,10244,2598,1566,1468,2199,1053,1503,1629,1002,3199,1006,1104,1158,1984,975,828,1136,1889,588,1148,534,633,577,1760,608,607,4130,805,516,644,546,964,1223,2334,1564,548,730,570,601,537,607,3198,1904,1917,1823,1754,1865,1878,3451,1759,1929,1751,2003,2135,1563,1761,1946,2650,1689,1818,1969,1853,1823,2049,1826
10,1179,1114,948,846,1012,1136,941,1004,896,875,1650,2078,1442,1229,1224,1488,1953,900,1038,894,945,908,1870,1252,1725,2037,1764,2938,1790,1444,2898,6592,6009,2362,1969,3322,3785,2599,1771,6035,5377,4213,4294,1902,2604,2355,2538,1909,2169,2004,3437,1805,1439,1330,1672,2568,2268,1970,2128,2704,2066,1509,1429,1329,1948,2213,1415,1728,2501,1851,1570,2511
11,1703,10624,2948,4942,8219,1203,1334,1563,1861,1284,2042,3463,5641,1842,3425,4412,1987,2567,1634,1795,1786,2674,4457,1947,1491,959,994,958,12,1056,1183,697,2356,957,903,1055,843,941,1083,862,8727,1354,1416,3898,2867,2145,845,860,4741,1920,1290,1580,1847,1528,2345,1005,1535,1177,1267,2448,1235,4854,1210,1099,1289,1409,1164,858,1185,906,1795,2747
12,2921,1743,1147,1955,3585,925,2331,5120,819,924,1499,1582,852,2975,708,1007,1128,684,2004,2490,2268,1996,736,2216,7444,10999,3804,10139,5539,5354,5093,6819,7694,5708,5669,7249,6668,5317,12304,3850,3383,2502,2573,1575,2976,2650,4363,2066,3205,2613,4379,1639,4396,1953,4172,2225,2119,1846,2041,4472,2885,9241,2962,2819,2417,4002,5508,2153,5471,2516,8420,3367
13,3403,3063,2648,6926,1536,8263,2685,2412,3703,2473,6430,2116,3062,2610,1127,2819,1568,2167,2528,1935,1067,2503,1998,1505,7664,1212,1918,790,3456,1485,889,3842,1118,1214,5016,4866,1895,996,2493,1368,1561,1483,4304,1185,2678,3496,5242,2411,2467,2135,2629,2850,3355,2684,7594,6052,6511,1852,3657,2261,2277,1880,2003,1898,3217,2566,2997,6952,5065,8143,2962,2306
14,3478,2784,2478,1918,1724,2917,1590,3210,3865,2528,4063,1815,3637,4600,1752,4122,3418,6529,3778,3108,4242,1967,3019,1644,4009,3220,1171,1021,5346,3031,3992,2875,3591,2580,2293,2397,3175,2600,2495,2118,3058,2864,8804,3096,2481,2127,2605,3090,2318,1208,1835,918,1851,5520,7803,4359,1412,4645,2357,1657,3472,6042,4770,5662,3499,5929,1131,5637,997,6480,2070,2738
15,4169,2088,1051,1817,1434,4558,3035,7664,2289,1179,2364,2387,3737,2208,1600,2782,922,1977,5465,6198,2766,8254,6239,4257,2432,970,1331,1319,1322,5311,1387,1309,2511,1339,1317,3478,3100,3741,4059,3556,6573,4026,4051,6631,1200,3936,3597,5956,1998,1591,974,1327,722,802,2127,714,2265,1898,1189,1916,849,2667,2628,744,1947,869,2071,6144,1664,1551,1567,3340
16,1734,3106,4018,1075,1753,2103,1454,1237,1287,1915,1044,2045,1996,1590,3252,1295,6017,3975,8617,1341,928,2146,1121,2449,3339,2249,1292,1485,1798,1338,2694,1470,1425,1977,3394,2070,3280,3439,1612,1858,1557,3036,1736,1992,1798,2795,1536,1423,614,2188,1202,1024,2664,1074,1837,4245,8734,1829,1343,2079,5894,1185,1014,1255,3337,2163,1090,1021,1426,10718,1155,1661
17,2907,1456,3574,1964,2112,3002,4523,2700,3205,1306,2327,4678,3589,2507,2639,3171,2012,1388,4640,2111,2083,1524,2569,1511,1752,1164,3078,2308,1235,1133,1233,1328,1104,1188,1513,973,1163,1331,944,1051,1408,1179,1402,984,4791,1148,2185,1359,3521,1539,1516,2087,1761,3362,1848,1634,3984,1496,2595,1655,1982,1540,1675,3065,4783,1451,1653,3549,1587,1535,1622,1906
18,2625,3235,4455,3405,2983,3765,4292,3394,7194,3295,5975,4687,2822,10791,6111,5676,8311,8437,5999,5705,6283,7762,5314,4231,1445,1129,999,884,1400,1379,4181,1687,1290,2546,4924,1688,2069,1376,2278,2519,2741,2725,1396,1317,2036,1279,1458,1473,4265,3853,2164,2867,3295,2293,2394,3177,7682,4918,2406,3677,2136,1757,3721,2213,4371,2636,2692,3577,3006,2396,2623,2205
19,2280,684,734,861,1485,1011,1248,1351,2241,3766,927,1965,1279,3185,1075,1056,1357,1259,1196,1529,1508,1724,2193,1084,1185,765,863,807,849,1103,636,945,815,1082,969,982,705,918,756,1448,898,831,776,1145,679,658,873,1038,1264,1635,2030,3356,2986,2832,3689,8399,1303,1669,1740,1664,1175,1325,1395,1249,1825,1925,1998,2165,1418,1350,1366,1417
20,5847,1206,1063,2420,1702,1641,1415,1569,1185,1167,1479,878,1113,2389,1009,1178,1853,1098,1572,1014,1250,1156,1031,1210,5510,2485,2447,7155,1727,1912,3005,2151,1699,1536,4583,1597,2599,2610,1878,2379,2229,3367,1623,5425,1607,3921,3953,1999,2325,2162,2594,3003,1620,2134,1619,2013,1801,2275,2393,1916,1819,1711,1893,2317,2505,1450,1584,1258,1241,1463,2334,6043
21,4450,1283,1206,1820,2442,4377,1344,2171,3498,2866,4200,10338,2235,7207,2591,3437,3498,2475,1272,2713,3928,2390,1366,2069,2292,1552,4085,2271,2485,2143,4237,3799,7092,2239,2847,3389,1817,1959,3763,2003,2426,2878,1814,3058,5246,4819,2294,2055,6020,1825,1696,1604,4246,2628,7685,4003,4433,1547,2418,2955,3966,2941,4286,1100,3369,5031,4757,4121,3406,4341,2253,1973
22,4956,5659,5757,5416,2719,2991,2987,3641,6250,6296,3518,3329,3315,4884,3527,6458,7118,2946,3018,3138,3253,4158,2837,3376,3874,2451,3050,2215,1152,939,3614,1349,1914,1287,1718,798,1185,1613,757,1424,1621,1536,1523,1627,1308,1420,1331,1976,7067,1298,3005,2226,1703,1489,3503,1646,1945,998,1685,2033,4196,1753,1951,1566,1120,1484,1710,6569,1445,1425,3024,1427
23,2848,2979,1515,3194,3558,1472,2357,1200,978,1439,1891,5410,2010,2232,1639,2814,3541,3064,4670,2875,2474,5153,2474,2197,9415,2252,3194,1709,2034,1636,1388,1379,2682,1476,1110,1499,6439,9326,2226,6787,6798,2888,3206,6522,4568,10087,5132,10765,4185,978,2004,2029,2763,1027,2024,2377,993,1492,2183,2150,2170,2409,1996,976,2160,2057,1943,949,2206,1613,871,1945
24,2829,1056,1755,1160,1163,1106,1832,774,826,933,2798,798,772,4083,1096,708,1127,910,2191,2831,2152,2817,895,1983,3719,743,2542,956,1903,1898,841,1360,2506,954,903,1268,963,3176,712,1123,1083,1670,799,781,3519,2684,2358,1853,3128,2109,4373,1341,1144,1786,1091,1221,1462,1605,2007,1451,1579,2113,2757,2309,3807,2720,1826,1876,2005,1204,1744,1142
25,2130,1398,1306,2212,1266,1338,1402,1410,1581,1458,1896,1760,1620,1612,1950,1144,1606,2089,1584,3546,1634,4282,1246,1268,2994,1957,1203,3673,2546,2670,2427,3226,2253,2751,2525,2687,2213,2610,2595,3436,3147,1783,2652,2409,3609,3452,1799,606,11435,3081,3458,3888,3061,3130,2160,2025,3056,3638,2520,2661,5572,2251,3138,2826,2878,3157,3445,1770,2675,2421,2389,2441
26,3003,2234,4843,2015,1723,2300,9317,4560,2003,2534,2063,2191,3970,6288,3607,11762,2367,1748,3794,3014,2705,3547,2300,1988,6615,9458,6683,2052,3078,3916,4920,1746,2020,2772,3662,2437,2341,3580,1446,3188,2130,2224,1786,4732,3241,5597,2728,1781,2734,1522,2943,1765,2342,4679,5703,1855,1399,4278,2787,8927,7411,5228,1922,1764,2220,5214,3193,3591,4093,4282,3971,2971
27,4716,3515,1954,2108,2027,7124,3168,6590,2617,2085,2415,4606,2290,5236,3398,1692,3099,2482,2301,2714,2363,2566,4156,2472,1349,1717,898,1341,1065,5361,5066,1407,866,806,1677,812,658,1588,1013,3489,945,1195,1049,6644,2847,918,1015,1974,3390,3439,2798,4797,10466,4025,5161,7974,3883,2260,4715,4521,7115,6561,8408,6123,7368,8113,5419,10081,5983,3291,6731,5595
28,3119,1252,1172,2308,1169,1289,1056,4595,2119,2251,1413,1933,975,1145,4568,2035,1159,1468,1032,1961,1209,3595,1692,1244,4513,2201,4794,4014,5160,2120,5670,9462,3248,2562,3157,3052,1727,3277,9154,3509,2599,12722,10516,3341,3957,2436,2494,3276,1032,1025,1032,1521,1017,1191,1079,2383,1022,1008,1576,1087,899,1024,867,1076,960,2678,884,1068,1385,930,941,1438
29,1585,2300,3222,1129,2029,3213,1304,1269,1022,1156,1869,1569,1484,1647,2114,2743,2552,3556,2209,991,2960,998,2009,2688,3927,1936,1090,1181,1713,2128,1108,1342,1192,2526,1222,897,2007,1214,4314,1321,1663,1008,1020,1035,906,1550,947,1974,2788,6329,5433,1329,2089,5894,1532,8087,1345,2085,3381,1250,2202,4221,1767,2604,1901,2487,4873,2584,1375,2371,1984,3143
30,4619,2451,3438,8123,4148,4390,10380,8520,5265,5788,7720,9492,7775,9976,12535,7085,4398,9527,7663,10311,9149,8303,10271,5202,5888,5903,2578,2841,1689,4184,2445,3210,2569,2450,2440,1790,2654,5466,4689,2305,1579,3069,5010,3521,8579,10140,9264,2561,3724,1597,1442,3165,2744,1387,5209,3111,1090,8235,2176,2312,2471,1917,4578,5501,2374,2531,2620,4556,2946,2150,4986,2476
32,4403,3648,3614,4077,2060,2677,1337,1209,1848,965,2891,2265,1986,1793,1788,1934,2465,1899,1676,1704,2035,1660,1748,2047,5274,2430,1280,1504,1363,1093,3034,1003,1201,1216,1534,1807,6437,2386,2370,1978,2055,1784,1195,2273,2673,3029,2167,2161,3700,2805,3634,2805,1397,2058,2904,1632,1723,1649,2341,3224,1480,1406,2612,1858,2364,1363,2209,1749,2003,1520,1458,2547
33,3618,1024,2395,1040,4292,1798,4177,1520,1421,2163,1397,3286,2825,2989,7023,2774,3541,2267,2680,3674,3619,3664,11901,2193,2476,1181,1905,960,1496,1591,4145,1716,1142,1363,1368,1629,1017,2546,1166,1984,1765,2089,4991,1580,1607,2390,4978,1904,1419,1028,2308,5514,2715,2970,4099,4634,1443,2359,1425,1437,1452,2263,1435,1294,6323,2048,3213,1231,4103,2359,2160,2049
34,4344,3921,11420,2113,3308,2331,3556,3328,2487,2395,1831,2185,4733,2811,6505,3870,2506,1885,2119,6365,1946,1437,2963,2703,2214,2729,2731,5577,3045,3893,2583,2084,1939,3530,3028,3065,2239,3002,5019,6020,9218,1734,6637,5042,2157,2802,2980,5319,2187,2257,3101,2684,2134,2715,2836,2175,2720,3327,2091,3318,3808,3283,3162,5627,3750,3399,2616,5368,3279,2682,3159,2596
35,2269,984,1963,681,1398,962,1848,843,2386,1433,1906,1227,1855,1784,2452,1647,2290,845,3040,2919,2588,1781,2894,1712,3138,5483,7555,6203,5015,6493,3388,3217,4827,3931,8256,4029,2752,4969,4589,5786,3068,2905,4301,3759,4252,4257,3388,4148,4961,4543,6787,5684,4474,9435,10368,1328,2206,6859,2506,1711,3046,7286,6229,7363,2996,1245,6200,1823,1235,6651,3312,1536
36,3335,2142,2460,2690,1912,2059,1933,1672,2134,2112,2180,2358,1935,2064,2922,2605,2742,1963,2757,3158,1968,2266,2256,1960,686,896,731,754,1627,714,810,784,2718,696,954,1294,881,752,5795,3396,741,999,807,1008,686,1142,741,1283,1058,1039,1075,1514,1338,1292,727,1350,1392,2598,2479,1417,1283,1853,1908,2048,1637,1268,2937,1966,973,1018,1580,1856
37,7238,2626,1390,1993,1596,2564,1914,1416,2367,2137,2359,4963,2562,2679,2648,2727,1583,1809,2466,3498,1912,1480,1531,2620,2761,1262,3863,2131,1352,1984,1556,1198,1637,869,1418,1714,1002,1117,1293,3921,913,1163,1070,5082,5618,1113,2245,906,5526,2059,1265,1406,1277,1079,3023,8873,1107,2826,2626,2877,1213,1578,1559,1204,1165,1661,2399,1280,5772,8530,3746,3004
38,1388,1521,1060,1013,1857,962,848,2659,1085,901,894,863,976,1649,2382,998,1378,779,2745,875,780,2549,842,2287,2329,2149,2239,1743,2338,1914,1587,1916,2021,2587,2219,2498,2717,2529,1492,4168,1377,2559,2151,2037,2843,2150,2216,1595,1801,1208,1109,2249,2338,1281,871,1067,1325,3422,1128,843,2434,951,1028,1378,893,1102,1197,1099,1259,2796,1087,978
39,3487,2287,2372,5414,2515,2479,3630,2275,9011,7320,4950,4146,1898,3115,2343,7518,3681,7164,2781,3249,5365,10146,1515,1920,2358,5495,4247,5228,1995,3408,2726,3103,2379,3637,3321,3493,4199,1968,2219,3883,2469,4489,2642,3091,4355,4112,5864,4493,3650,2761,2623,1987,1366,1957,1618,1734,2590,4633,2262,2678,1360,2854,2380,5522,1521,3100,1503,1481,1629,2221,3282,2507
40,3146,801,6305,1708,6879,1675,2120,1391,8329,1182,1747,2956,3093,6204,3332,2186,3845,3284,3906,2287,2425,5550,6268,3167,2785,1975,3572,1769,1678,1851,2423,989,1681,767,1466,1541,1818,2685,4337,2413,4680,1310,6684,1692,2734,6343,1587,5744,6378,3599,9333,5121,1854,4119,7060,9266,2870,9008,3126,3881,3882,12,2514,5370,5648,5309,6398,4951,12027,3517,2865,5897
41,3640,2394,4144,3803,3600,1974,2096,1931,2032,1943,2086,1705,2253,1674,1659,2222,7294,2470,2425,1499,2119,3529,5903,2795,1257,2180,1325,914,2196,1015,2545,3085,3180,2255,2016,3519,2425,929,3170,2475,946,3937,1973,2688,3286,3401,3419,1881,938,4415,857,1199,869,1022,1338,4309,1825,1691,5452,1547,900,5433,8230,944,1575,974,1741,6975,2075,936,1702,6314
42,3213,2306,2410,3509,2247,1551,2740,4484,998,1102,4932,945,5544,2718,2661,2253,1529,3260,955,2985,926,1165,1745,1329,3224,1163,1871,1762,3044,1645,1845,3534,2786,2345,2463,4016,3060,2138,2683,3370,2469,4442,2047,3058,12,3242,2822,3129,3266,2443,2619,2776,2273,5353,2127,4484,3617,7400,2466,2983,1749,1618,7531,3647,3241,3037,3219,2701,1731,6645,2400,2578
43,4437,2301,1604,2414,1494,2262,3500,3125,5251,2707,1874,2884,2390,3698,2852,1907,2429,2409,2880,2387,2928,2659,2820,3754,2023,1872,2068,1737,871,1685,1525,1886,1665,4152,2037,1979,1062,2265,3214,4081,1519,1453,1988,2250,2010,2652,3166,1818,7619,1992,1701,1469,1264,1506,1358,5059,1255,1436,1494,3352,1479,4662,4079,2072,2650,1487,2799,1644,6698,3576,3435,3244
44,11738,4639,1448,1140,2430,10503,4459,2875,6108,1572,3651,11852,1895,6878,2035,2520,3326,6659,1177,1377,1198,11029,1327,6584,2934,2958,2664,5739,7537,2348,3126,2217,4452,2322,1988,3839,9286,2201,3112,2168,3068,3406,5961,2093,5710,5960,6229,2487,6376,2066,1944,1999,9706,10397,5497,11606,10464,3023,7984,3034,8501,3811,12158,2724,2848,1473,1717,3834,1954,1161,2841,1880
45,4157,1582,3619,1342,791,1661,1603,5329,1988,756,1940,1972,1763,2589,2134,1622,1495,1151,1733,2448,2890,5356,1739,2723,6079,1824,5418,3690,5857,3518,4236,7435,7267,3931,6847,2531,5586,3792,5775,6866,1935,7799,6153,3522,5393,5113,3039,3361,4923,7431,3578,5158,4334,1139,4234,2945,6441,1398,6858,2563,1397,3106,4125,860,2763,1620,3068,1868,4198,2552,1812,4828
46,4199,2466,2334,2638,3452,2034,2029,1926,4135,3385,2817,3311,3575,2045,2670,1588,1539,2410,1902,2248,1899,2759,6487,2323,3188,1591,7056,1872,1788,4447,1906,1749,2017,1834,2696,5429,1716,1986,2658,1790,2780,3776,3070,2596,2304,3328,1356,8756,2217,1288,1945,1280,2867,1548,1750,1840,1356,1374,1702,2811,2197,1946,1906,1866,2258,2289,2487,4771,2016,2950,3450,2266
47,2583,1044,1360,1966,1920,1175,4135,1570,8083,1456,3149,1132,1036,2590,2248,1833,1831,1092,1210,1867,2760,1783,1358,1931,2112,1128,1466,1560,820,769,1437,1517,1705,1365,851,2072,1708,1417,1064,1259,1348,4592,1336,7988,1134,5378,1218,835,3627,10928,6571,1922,3010,2196,1951,2356,6926,8468,2265,2505,3163,2048,9906,2897,2198,2771,2112,2628,3443,3016,2312,4165
48,3152,4147,3583,2680,3179,4140,3185,3693,3399,3308,2787,2993,3164,3766,2118,3185,4025,4242,6060,3023,3041,3110,2619,2607,1914,1163,1121,1926,1297,1468,1294,1116,1100,1383,1207,2302,1669,1110,1838,2232,1583,1566,2254,1948,1237,1323,1268,1129,1080,1238,1488,1927,1446,1441,1178,1398,1422,1529,1339,1292,1321,1419,1412,1212,1268,4303,5280,1228,2620,1653,1660,3035
49,1942,954,1749,5018,1316,1208,1257,990,853,953,1021,923,4911,8641,1013,1258,905,1366,973,2530,1051,1008,861,4861,941,963,1161,1395,5434,1182,575,2271,1100,2213,1218,1063,2554,1347,1319,1035,853,954,857,1225,881,849,733,1195,2739,2888,2229,4968,2432,2746,2661,1537,3141,3193,1876,1869,1978,1809,3447,2000,6552,1599,4034,2729,2162,1466,1227,2647
50,3229,3840,6075,1486,2170,5662,3040,1437,1869,3146,1024,7365,938,4660,5002,4963,9827,7932,7995,6175,2098,4644,981,4601,3291,3493,1458,2854,6411,3395,2840,1510,3706,1574,11995,7633,2574,4543,6790,8228,1431,4798,2238,6661,2997,4544,3103,2449,9666,6236,2513,3961,2987,1924,2260,5276,9042,5140,2591,2326,2612,2697,2286,3141,1436,3360,7724,2866,1992,4790,3028,3215
51,2705,1472,1401,1377,1004,1914,1109,949,884,908,981,887,1422,865,1367,1526,1080,1113,1733,1461,1052,786,1226,1243,2984,2906,4156,7325,1868,4700,2472,2654,2612,4332,6364,3232,4380,4102,6948,4427,4232,1756,1840,3986,2991,2201,1652,1717,2351,1174,2682,3980,4747,6068,3525,3011,1130,1315,2341,1787,2692,886,1984,2741,1100,4050,1860,2105,2210,1750,3423,2807
52,2859,2518,1972,3269,7523,6172,3101,2728,2515,3820,2389,4267,2823,2706,1976,1526,3625,3476,2129,2364,2179,2441,5127,4846,4387,4709,5636,5896,2923,3650,6454,2798,4442,4959,4524,6490,3097,10685,2377,3829,5035,4971,3507,5391,7441,4601,2420,8424,2790,2782,3877,5948,1856,3831,4979,4723,2518,4377,3691,7218,8407,1782,2724,6821,3621,5313,4636,7388,7212,4030,4574,6368
53,3212,2838,4045,2100,2305,1744,1054,1853,890,2450,1958,3301,3389,3506,1942,2455,4909,3895,1159,2520,959,2758,5134,4039,3268,1795,3722,1264,752,6189,2462,4147,1403,2727,2146,846,3332,2631,3177,1358,812,1068,2001,2154,2511,1382,1361,10372,9414,11633,6899,5352,12295,10473,9999,11311,8055,8000,9309,11595,9064,9473,9808,6568,7788,5371,8358,8448,7050,9276,6776,2747
54,1495,787,769,849,1800,603,811,638,839,969,593,1683,655,1308,727,874,783,686,827,741,795,1591,1983,3466,2429,2399,1761,1932,4828,2097,3939,1474,1818,1911,2833,2189,2545,4159,2171,4780,2241,1775,1575,1095,5999,2259,2108,4267,1078,2163,935,2867,1047,835,1085,1148,1604,2337,1865,1266,1540,2275,1218,2085,2669,1139,3286,4541,2604,4018,2003,1366
55,2859,854,1629,695,720,589,6142,4493,4576,3837,1308,5560,2938,1815,1648,1509,1637,2046,8314,689,1445,1941,9055,8688,1016,1880,2797,1903,2044,3103,1908,3024,2941,2776,2050,2190,3112,2994,2724,2011,2016,2036,1909,2801,2139,1658,7003,2210,1475,1807,2266,1879,1695,1986,2057,2015,1743,2398,3087,9250,4601,7759,1926,2511,2546,2774,3118,3216,2865,2426,1579,6186
56,3365,4990,3542,1703,1100,1671,3038,5481,5776,3830,1416,1887,4862,2260,5433,2609,1320,1970,1585,12131,5964,1389,2508,9326,6776,1761,2663,1573,951,911,916,1148,896,833,809,870,893,987,1470,1068,987,967,724,1258,1259,1906,900,883,12846,2290,8743,6266,1681,817,3379,1620,951,8177,1344,795,6179,4295,3992,10063,739,3712,1866,4544,658,654,2960,5763
57,615,1239,640,646,506,633,704,737,614,683,660,815,593,1379,718,626,651,679,746,685,763,701,647,716,4599,2638,2195,2268,2245,2243,5063,2061,2167,2042,2002,2292,1992,2717,2295,2501,2021,2364,2236,2190,2162,2116,2522,2362,1613,1762,1584,1420,1909,1800,1835,1842,1816,1735,1786,1987,1835,2105,2084,1909,1882,2117,1825,1944,2145,2566,2294,2012
58,1879,3429,1579,1768,1573,5389,1437,2335,1750,1735,1407,3361,1302,3650,2189,2670,2118,2656,2286,4207,2963,2805,1869,2797,8745,4519,1561,5412,4962,7458,4700,3678,3331,2368,2452,3871,4556,2525,3430,4588,4735,8077,3204,1947,5037,3746,1957,2488,3957,1470,2943,979,1874,2380,2676,2227,2546,3196,1594,1745,1502,4309,2000,4719,1576,1399,997,2767,1400,1016,962,1441
59,3332,1940,1714,1787,2150,2717,2344,2063,2610,1012,2340,2017,2889,7324,3183,2130,1576,2820,1666,1766,1804,8580,1497,2080,1951,1773,1856,4237,2015,7316,1336,7490,7242,10875,942,6929,8714,4097,4781,4219,2952,6023,4546,1381,5059,8847,3072,3326,3214,1501,4729,4863,3114,1582,2743,5965,2257,2848,4485,7066,5240,4193,4103,1652,4120,3231,6176,2646,3984,8800,3591,4454
60,1363,981,1628,901,1698,2170,1542,1700,1885,2511,1969,1924,1712,3877,2948,2026,5176,3734,1599,732,1159,1082,1279,766,2642,3901,4576,3758,3118,3285,4137,5080,4927,3208,2385,3474,3146,1754,2561,3828,5550,3556,2420,3807,2041,3254,2469,1907,2640,2039,2595,4842,2269,2159,3914,3146,3043,3586,2834,2916,2743,3090,3259,3026,5151,2671,3178,3843,6699,7056,2195,5354
61,6475,1744,2138,2195,2326,2320,1572,2484,3082,2132,1728,1544,3386,2840,2219,1672,2638,2307,2462,1652,1801,1730,4062,2753,3583,1671,1580,3324,1523,2196,1913,1592,3802,3001,1417,2308,2302,3079,1235,2917,2386,2522,2450,1372,2127,1889,3300,2547,2105,1882,1845,1640,2121,1677,1353,1416,1581,1398,1419,1518,3821,1475,1788,1534,2145,1651,1433,1446,1615,1993,3048,3187
62,3280,2091,647,841,728,939,667,676,581,696,1379,705,651,590,616,846,589,672,656,780,766,737,1844,1984,999,3604,1353,1101,940,911,1376,1200,1178,990,1336,2067,1253,2666,932,970,2121,2210,1635,1038,1006,1520,1933,2128,1300,1513,2383,1054,8132,1820,1418,1614,1656,1511,1279,1256,1182,1316,1296,2265,1553,1480,1650,1529,1681,1305,1589,1630
63,3606,1802,2102,1414,2879,1420,1151,836,3106,1856,2351,2102,2358,1808,1445,2100,3764,1142,3422,3657,2166,1606,8476,1213,3177,1540,1154,755,967,853,769,859,12,1118,1360,871,924,795,637,888,799,1850,903,2184,794,1077,1168,1083,3781,1719,1126,1208,1204,1295,1115,982,2266,2224,918,1421,2417,2399,2183,3626,913,1195,1020,1159,1004,939,1018,2025
64,6175,1628,1931,1625,4261,1572,1864,3426,5906,1647,1643,4688,1722,1614,2010,1995,2014,2235,2274,1787,1648,2476,2031,1775,2611,1876,2675,2881,1709,3402,2704,1935,2036,1418,1668,1984,3270,2560,1645,2157,2668,3594,5163,1631,1800,1861,1980,5439,2310,2173,2531,1771,4749,1988,2907,2433,2109,2440,1368,2231,1571,4081,2825,2673,3180,1571,2185,2914,2656,1471,2347,3230
65,10587,2154,2144,4622,2953,2946,8331,4205,5531,2759,2635,2746,1445,2981,3393,2383,1886,8707,3743,4020,5175,2584,2499,7683,9695,4740,4979,2327,6119,9534,2688,4242,1370,1209,1207,1405,1531,2620,3788,4190,3553,2424,1834,2482,6863,8585,6426,5200,4480,2703,1914,2446,1634,1541,2622,1861,2103,2069,1517,4242,2564,2990,4719,2270,8105,2810,5766,4225,3719,1672,2115,2525
66,3502,1760,998,1713,1741,3342,4162,2077,2002,1977,2524,1579,2096,2929,1981,3368,2011,1229,1504,1688,1828,1538,2221,864,841,2534,4973,3619,920,4416,1204,8291,844,1657,4905,5072,2625,7419,3087,5574,2581,3333,2590,2922,7328,4869,6844,5913,3953,3348,3684,2804,3085,5851,7714,4804,5419,11524,3456,3632,2854,3842,2470,3409,3348,2323,1775,2417,4807,2451,2734,3945
67,5967,9432,3097,7036,4788,2901,2576,4458,12,1765,4901,2724,8371,6049,7891,3096,4216,4621,10704,4918,4514,7058,6633,6281,3829,4780,2577,1712,4741,1912,6197,2166,5058,4849,1679,3360,7181,1510,6146,6140,8548,4744,1936,1335,2825,5251,8448,7045,1325,5104,4018,1815,2375,4679,5860,5211,3385,4182,6334,3534,3836,6250,4656,8583,6059,10374,4359,10572,4841,2861,2457,5409
68,5737,1820,2019,4086,3527,2730,2270,3096,2755,2408,3517,3474,4332,1074,2339,2316,3975,1728,5188,3269,2689,1633,3294,4965,2984,1565,2228,3117,2304,3058,2043,1898,3531,3096,2386,2590,1915,1476,1179,2068,2768,2553,1688,2112,2312,3680,2156,3003,6208,1177,4381,8293,9875,1062,12,1103,2673,986,3147,4267,1151,2641,1246,4397,2464,1233,5737,2570,1362,1409,4342,3065
69,5259,2278,4904,1103,1165,1078,2474,1415,855,4490,1467,1128,6322,2777,2956,1360,841,1560,2285,2580,2203,4852,3398,3476,2360,1731,1334,1068,1081,999,947,856,858,1335,1143,1410,1606,2751,1065,1013,1105,1520,1405,941,895,992,1164,974,2913,2807,8053,2664,11924,4073,2360,3021,3223,1813,3614,1599,1438,1754,3531,1248,2375,3184,6975,2527,1266,4399,3033,2556
70,2405,1919,1639,2067,2822,1937,2025,2281,3930,2092,1686,2508,2620,2201,2227,2446,2195,2511,1716,1898,1916,2090,1904,2576,2863,1254,2326,4999,1099,1280,1524,1931,4535,1158,1296,1197,1368,1159,1394,1170,1431,1318,1381,5743,2169,1622,2634,2185,887,977,901,3002,871,1103,1121,1377,2432,889,1018,931,1623,1119,1063,1077,1003,1132,1255,1601,927,3240,912,3420
71,2810,1264,3460,2009,1339,4850,1398,1359,1594,1363,912,1365,5799,1875,1809,3907,5333,3782,1330,969,8363,8229,9289,1439,2071,2187,2406,2276,2477,2458,1526,3956,2728,2979,2980,5928,3979,4796,1752,1177,2850,1302,1733,1246,7737,7352,7025,4719,2551,1577,3837,3873,2796,1619,1484,1433,2699,1267,2068,2230,2658,4552,2353,2547,7831,2549,1732,2512,6161,2885,2050,1280
72,2656,4797,5505,12326,8754,7284,2830,4529,4273,4791,2476,3982,2810,2209,8134,3091,3690,3868,3305,1686,1883,5951,2361,5427,4684,2331,1153,3681,1726,995,6235,11092,3613,1804,1484,9879,803,2602,12,6593,5888,1028,6592,802,2599,2303,10756,1061,10381,12589,1644,1284,1880,2361,2090,6131,1439,2643,7343,5520,1856,5814,3276,1920,3601,2432,3326,2825,4393,4265,6279,937
73,5641,951,1314,2453,1184,1913,4121,1887,731,1172,2072,5638,1891,1267,4369,1034,1754,4275,966,2873,1852,932,3091,6968,1259,1329,1121,1215,1431,1252,980,1022,1188,992,920,1014,984,1235,1092,971,980,754,942,1225,1024,1022,1296,1159,4300,3533,3403,2563,2446,1844,4138,2377,2978,4531,5473,3377,2903,4241,6960,3229,5623,4078,4701,8732,11177,6641,3897,6058
74,8605,7193,7845,8283,2690,12087,3607,6134,1071,12862,5155,10177,4019,4357,4745,2313,1661,3057,3199,1792,7815,2954,2376,3165,3946,3328,4554,4847,7018,11007,6759,3178,6346,3508,9308,9150,4140,11125,8637,3803,5282,1878,9095,7155,10975,5647,5195,2033,897,3254,2023,1278,2502,2508,2603,5798,1817,1816,5136,4136,6198,1785,2770,2756,2343,3679,3317,5110,1885,3071,2729,2946
75,2456,5757,1700,1607,6920,12175,4686,5821,5502,2128,5702,4036,3565,5808,6252,2298,5257,8732,4963,4144,6188,6862,4608,1431,6611,3731,4445,9863,6548,4161,3980,4556,3955,6410,11436,5434,1401,2371,7543,9158,3438,5345,4851,2064,2739,4113,8728,2371,4284,8980,12776,6151,8760,6360,3303,3153,7188,3284,3125,12,2350,2751,6742,4992,10329,4738,2299,4033,2128,5721,3112,4579
76,1220,1124,919,3782,966,2044,2051,2883,4372,5274,7773,2310,3475,7348,1163,1965,2803,914,1701,3746,1283,6172,845,776,1389,1300,1708,7084,3968,1656,2286,3090,1178,1817,2591,1169,1698,1168,1083,2368,1225,1390,1107,1372,1896,1344,1485,1444,2292,1281,1559,2590,1425,1948,1273,1420,2466,1837,1635,1959,2156,1410,2253,2455,1564,1188,1543,1462,1515,1432,2631,3012
77,7263,4780,12901,1638,1579,933,1306,1217,731,948,800,1855,1277,3701,4590,892,3326,1442,609,1139,3364,3923,1428,1605,7067,4385,5798,1987,1167,2541,4591,3235,12123,1401,5658,7952,2276,2841,2096,2845,12875,3689,6516,10691,4760,6331,3998,6856,1885,1459,1512,2124,1220,1811,2216,2238,1680,1392,2341,1255,1949,5171,1463,1270,1956,2462,1763,2084,2636,3182,4749,1696
78,2987,3598,2246,3060,2671,5344,1956,3355,3272,1817,5793,5786,3055,2755,8253,2690,3542,2058,5058,3523,4520,3660,3706,2254,4338,2026,2472,2172,5207,1999,6843,5034,1838,1999,4287,1721,3193,1847,3865,4815,2972,1290,4884,2706,3973,2052,2150,3925,4230,1053,1605,2025,1997,1284,5076,1906,1002,1315,1322,1968,2516,886,975,2351,2997,1483,1453,1880,1769,2579,4202,1461
79,7223,8825,6545,2601,2809,635,8755,3211,2743,2723,2741,5145,4351,3925,2324,2233,2772,4351,6218,4673,1920,9192,2747,2557,7315,6269,3395,4256,3243,5054,3260,3352,2898,3506,2581,2254,2278,4468,2082,2319,4044,4318,2535,2639,2807,2636,2870,8747,3586,2631,3528,4233,3220,3508,2403,3040,2681,4467,2580,7419,2669,2656,2962,3398,2773,3317,2666,3588,2639,3493,8311,3118
80,4460,2677,2585,4016,3816,4884,6008,3316,3685,3137,3678,3110,3690,3300,4098,4431,2779,3539,2945,3688,3413,3839,3058,4374,7837,3877,1471,998,7575,2764,3639,4023,5893,12056,1472,6814,1026,2775,6976,3341,2759,5288,10726,1090,4358,9091,8642,5033,4750,11763,3044,11764,6939,10069,2580,2075,3671,9372,8909,8593,10812,5273,2786,2189,2263,3738,5689,9417,3668,11421,9819,4158
81,2761,1943,2281,2699,2921,2176,2920,2983,4330,2613,2345,2450,4228,3497,4658,3417,11306,5706,3671,8096,10781,3705,4789,2221,3548,2268,3380,1596,3061,1995,3918,2342,3803,4969,2467,5698,5432,4160,6791,5273,12779,7550,7945,10712,12,2719,6260,3815,3182,2375,1811,1589,3096,2260,2196,5339,5750,5572,8783,1785,3249,4687,7950,7087,5011,8830,6702,12926,9582,6518,9215,7029
82,3029,2147,5294,2174,3166,4365,10638,2809,2109,7111,2766,12,3348,2744,2623,2544,2232,2745,1624,2287,2157,1386,6409,1546,1517,2125,1482,1561,899,3346,5247,822,2258,2374,1989,2452,2081,2158,1814,2014,3136,1981,4762,843,2131,890,5010,2013,2185,1879,2924,1735,2470,1943,1772,1918,2052,2627,1975,3327,1756,3457,3530,2352,1769,2079,1057,1183,1348,1383,1720,1754
83,2886,3809,1149,1936,2014,2846,2439,1061,1889,4117,3228,2366,3785,859,1471,3335,2682,2299,2902,4658,3006,5459,4186,1552,890,2495,1179,2691,2571,1910,989,1578,898,769,1272,2471,1284,1004,2652,1601,703,632,1562,1311,1295,2299,1015,1288,2139,4814,10344,2351,1909,1845,4865,1345,4735,9959,1551,3965,8874,8347,942,10439,9401,2217,2226,7909,2089,1510,3236,2105
84,3551,2210,3539,1574,1746,1479,1784,1990,2148,1667,1139,2273,3677,4195,3737,1092,1798,2799,6232,1738,1422,1433,1671,1392,6502,2583,2478,3303,2946,7905,3537,6366,1954,4105,2838,4510,6744,2479,7061,2686,3144,1931,5281,2195,6308,3321,4900,4300,5079,2144,1321,5022,3766,6858,3219,1995,1507,2729,3051,1480,1537,1766,3766,1245,1662,1274,2048,2318,4036,1705,3291,7252
85,5666,1652,1624,8283,4383,3998,2671,2003,1596,3313,2567,2356,1364,2615,2872,2659,1743,7385,1635,5337,3081,1801,9000,2392,1175,887,1382,964,890,1045,1111,956,1202,875,902,819,1210,1420,1182,1021,1017,1212,951,802,919,878,1113,829,3569,4894,7206,8367,5228,2291,3064,2541,2404,4522,8311,4269,3118,5515,2782,2777,2077,3244,3507,9501,2156,2144,2229,2029
86,2377,1986,1845,2066,4137,6549,3264,3186,2466,2759,2959,6562,5034,3189,2728,4280,6969,8842,3059,5731,7011,7573,3517,5211,3955,3754,2872,5204,3106,7958,3230,2627,2453,2212,4184,5783,3883,4605,5202,5573,4726,4415,7128,4193,3149,9202,3281,2940,5796,8383,7185,11731,10044,9300,8876,11079,4600,6577,11777,12430,11750,12701,12366,10453,7415,11142,7933,10505,12,7920,4905,5946
