num,type,d_le,a_le,gender,a1_r1,a2_r1,a3_r1,rt_a1_r1,rt_a2_r1,rt_a3_r1,a1_r2,a2_r2,a3_r2,rt_a1_r2,rt_a2_r2,rt_a3_r2,a1_r3,a2_r3,a3_r3,rt_a1_r3,rt_a2_r3,rt_a3_r3,a1_r4,a2_r4,a3_r4,rt_a1_r4,rt_a2_r4,rt_a3_r4,a1_r5,a2_r5,a3_r5,rt_a1_r5,rt_a2_r5,rt_a3_r5,a1_r6,a2_r6,a3_r6,rt_a1_r6,rt_a2_r6,rt_a3_r6,a1_r7,a2_r7,a3_r7,rt_a1_r7,rt_a2_r7,rt_a3_r7,a1_r8,a2_r8,a3_r8,rt_a1_r8,rt_a2_r8,rt_a3_r8,a1_r9,a2_r9,a3_r9,rt_a1_r9,rt_a2_r9,rt_a3_r9,a1_r10,a2_r10,a3_r10,rt_a1_r10,rt_a2_r10,rt_a3_r10,a1_r11,a2_r11,a3_r11,rt_a1_r11,rt_a2_r11,rt_a3_r11,a1_r12,a2_r12,a3_r12,rt_a1_r12,rt_a2_r12,rt_a3_r12,a1_r13,a2_r13,a3_r13,rt_a1_r13,rt_a2_r13,rt_a3_r13,a1_r14,a2_r14,a3_r14,rt_a1_r14,rt_a2_r14,rt_a3_r14,a1_r15,a2_r15,a3_r15,rt_a1_r15,rt_a2_r15,rt_a3_r15,a1_r16,a2_r16,a3_r16,rt_a1_r16,rt_a2_r16,rt_a3_r16,a1_r17,a2_r17,a3_r17,rt_a1_r17,rt_a2_r17,rt_a3_r17,a1_r18,a2_r18,a3_r18,rt_a1_r18,rt_a2_r18,rt_a3_r18,a1_r19,a2_r19,a3_r19,rt_a1_r19,rt_a2_r19,rt_a3_r19,a1_r20,a2_r20,a3_r20,rt_a1_r20,rt_a2_r20,rt_a3_r20,a1_r21,a2_r21,a3_r21,rt_a1_r21,rt_a2_r21,rt_a3_r21,a1_r22,a2_r22,a3_r22,rt_a1_r22,rt_a2_r22,rt_a3_r22,a1_r23,a2_r23,a3_r23,rt_a1_r23,rt_a2_r23,rt_a3_r23,a1_r24,a2_r24,a3_r24,rt_a1_r24,rt_a2_r24,rt_a3_r24
1,1,1,1,1,0,0,0,3202,4941,3295,0,0,0,1908,4620,2512,0,0,0,2098,1808,2254,0,0,0,4300,1945,2035,0,0,0,1842,1474,2773,0,0,0,2964,1906,2481,0,0,0,2268,2491,3818,0,0,0,2466,2033,3137,0,0,0,1781,2054,2235,0,0,0,2045,2673,1988,0,0,0,2156,1646,1858,0,0,0,1727,1566,2328,0,0,0,1476,1546,2195,0,0,0,2698,1478,2231,0,0,0,4827,1564,2226,0,0,0,2617,1807,1834,0,0,0,2630,1992,2299,0,0,0,1768,2444,1746,0,0,0,1464,1061,1941,0,0,0,2730,6521,3044,0,0,0,1952,2630,2189,0,0,0,2499,1529,2234,0,0,0,2980,1607,1908,0,0,0,2058,3199,2753
2,0,1,3,2,13,15,13,5581,10161,4220,0,0,0,2106,918,1994,0,11,14,2892,5191,2463,11,11,11,2615,6055,3528,15,0,0,3307,3007,2146,0,11,18,3359,5209,2350,10,15,17,3240,10138,5484,13,11,0,2862,5600,4609,13,11,20,3312,7752,3126,16,16,18,4574,10963,3879,17,0,0,2865,11111,10311,0,13,13,2472,2754,5383,10,20,14,3245,7208,6298,11,0,0,2485,1768,1673,0,0,0,1924,2799,4559,13,13,16,3092,3091,1387,0,13,13,5717,2912,1619,11,13,12,2819,8639,5555,11,13,20,2369,6575,5188,13,0,0,2895,2841,2085,0,0,0,2372,5736,2899,11,13,0,5947,6541,2326,0,13,16,1945,3865,2703,11,13,18,3367,2473,2220
3,0,2,1,2,0,12,5,2442,8939,1705,14,0,15,1597,1710,2791,0,12,16,1780,3286,1671,14,12,3,1486,4989,723,13,10,16,1412,4918,1793,14,10,15,1267,2201,2336,0,3,5,1754,6929,2420,0,0,16,1637,1207,1643,13,13,5,1658,2431,2244,13,13,15,1334,2097,1694,14,10,3,1252,2128,1608,0,0,5,1915,1211,3233,0,13,8,4732,2398,2484,13,10,15,2075,2654,2072,13,13,5,1408,1972,1742,13,13,15,1371,1702,2113,0,0,5,1446,1032,795,0,10,5,1329,2343,1727,13,13,15,1578,1906,2045,14,0,5,1492,1479,2406,12,10,15,3525,4155,1483,0,13,5,1125,3558,1061,13,0,15,3431,5356,1682,0,0,15,1578,1066,2276
4,0,3,2,2,0,0,0,1517,2374,1302,0,0,0,1654,886,1430,5,5,6,1317,3396,812,5,0,0,2578,677,1174,6,8,5,2470,1494,1853,0,0,0,1001,848,801,5,6,5,1178,8330,1739,0,0,0,1004,1206,954,6,8,8,1035,5170,5123,0,0,0,2018,1138,755,5,6,5,838,3776,1973,0,0,0,1595,941,922,6,0,0,2233,1710,1840,0,0,0,989,1143,1043,5,6,6,1766,4131,1628,0,0,0,3709,841,1436,5,0,7,2710,9188,1595,5,0,7,1843,935,1724,0,0,0,897,921,1230,6,0,0,1544,1012,2615,0,0,0,1685,3007,1454,0,0,0,925,822,1408,5,10,8,2654,11288,2274,0,0,0,1507,931,1263
5,1,1,3,2,15,18,11,5284,7239,7371,12,14,5,8284,11300,5037,10,17,12,4311,5455,9653,15,8,7,2343,2962,3666,15,6,0,2044,6232,3531,13,0,0,4362,6700,3722,5,7,0,6253,4129,4153,5,0,0,3935,2137,5946,0,0,0,2361,4901,3220,1,13,5,3844,6579,7301,1,4,0,5530,5535,2047,0,0,0,3090,1750,2160,7,0,5,3746,2307,1765,0,3,0,3943,8265,2037,1,0,0,3387,2856,1610,7,3,3,1035,1930,1198,0,6,0,1761,6928,1841,1,1,0,2916,5140,2009,6,6,5,6923,5779,5894,0,0,0,4460,7128,1767,0,0,0,2957,2548,1962,4,5,5,3640,2490,1960,0,0,0,3651,4333,2078,0,3,0,2605,7354,1634
6,1,2,3,2,0,0,0,4868,3883,3815,0,0,0,2589,1965,1219,0,0,0,1501,1579,1536,8,0,0,4092,10109,7673,8,9,10,4108,2104,8895,0,0,0,1975,2118,1519,0,0,0,1273,2061,1651,0,9,9,8490,2097,2086,0,0,8,5124,1665,11721,0,0,0,2591,3077,1827,0,0,0,1233,1322,1277,8,9,9,2439,1662,6646,0,0,0,2175,1175,1184,0,8,10,9681,5275,2745,0,0,0,2913,4725,1216,0,0,0,2017,1492,2413,0,0,0,6848,2192,2280,0,0,0,1380,2460,2436,0,0,0,1864,1710,1787,10,9,6,6708,1582,12481,0,0,0,1819,1353,1202,0,0,0,1658,2071,1209,8,0,0,4703,1109,3051,0,0,0,3659,2181,3852
8,1,1,3,1,0,6,0,2873,4483,657,10,0,0,2480,1479,3428,10,6,7,1912,1778,2169,18,9,10,6679,1579,1035,20,0,12,2317,1762,934,20,10,12,1633,2180,1007,20,6,14,1902,1099,1050,0,16,0,1573,4832,880,0,0,0,1340,1557,1025,15,0,10,2533,2101,2843,0,8,0,1556,1866,695,13,0,0,2233,1538,845,14,0,0,4458,1135,2666,0,7,10,751,5636,973,0,0,0,773,3008,1804,0,0,0,889,2221,801,13,6,0,8054,2860,7178,0,0,0,6548,1995,1657,0,0,0,714,1833,1804,12,6,10,2238,1481,1485,18,0,0,4737,1846,734,0,0,10,3964,2112,951,13,9,0,2492,1401,730,0,0,9,1679,2562,2332
9,1,3,2,2,0,0,0,3338,1889,3198,0,0,0,1982,588,1904,0,0,0,1769,1148,1917,0,0,0,986,534,1823,0,0,0,1854,633,1754,0,0,0,1234,577,1865,8,7,0,2542,1760,1878,0,0,0,10244,608,3451,0,0,0,2598,607,1759,0,0,0,1566,4130,1929,8,7,0,1468,805,1751,0,0,0,2199,516,2003,0,0,0,1053,644,2135,0,0,7,1503,546,1563,0,0,7,1629,964,1761,0,7,7,1002,1223,1946,7,7,7,3199,2334,2650,0,0,0,1006,1564,1689,0,0,0,1104,548,1818,0,0,0,1158,730,1969,0,0,0,1984,570,1853,8,8,0,975,601,1823,0,0,0,828,537,2049,0,0,0,1136,607,1826
10,1,1,2,2,0,0,0,1179,1725,2169,0,0,0,1114,2037,2004,0,0,0,948,1764,3437,0,11,0,846,2938,1805,0,0,0,1012,1790,1439,0,0,0,1136,1444,1330,0,0,0,941,2898,1672,0,0,0,1004,6592,2568,0,11,0,896,6009,2268,0,0,0,875,2362,1970,0,0,0,1650,1969,2128,0,0,0,2078,3322,2704,0,10,0,1442,3785,2066,0,0,0,1229,2599,1509,0,0,0,1224,1771,1429,0,0,0,1488,6035,1329,0,0,0,1953,5377,1948,0,10,0,900,4213,2213,0,10,0,1038,4294,1415,0,0,0,894,1902,1728,0,10,0,945,2604,2501,0,0,0,908,2355,1851,0,0,0,1870,2538,1570,0,0,0,1252,1909,2511
11,0,3,2,2,15,15,15,1703,1491,4741,6,1,0,10624,959,1920,16,16,16,2948,994,1290,5,3,0,4942,958,1580,18,3,16,8219,12,1847,3,0,0,1203,1056,1528,14,17,16,1334,1183,2345,10,1,0,1563,697,1005,15,16,15,1861,2356,1535,9,11,0,1284,957,1177,15,17,16,2042,903,1267,5,11,5,3463,1055,2448,11,16,17,5641,843,1235,5,12,9,1842,941,4854,16,15,14,3425,1083,1210,6,11,5,4412,862,1099,17,16,15,1987,8727,1289,5,14,5,2567,1354,1409,20,16,16,1634,1416,1164,6,16,8,1795,3898,858,14,1,17,1786,2867,1185,18,17,0,2674,2145,906,10,1,9,4457,845,1795,12,17,15,1947,860,2747
13,1,2,1,2,0,5,0,3403,7664,2467,0,0,0,3063,1212,2135,0,0,0,2648,1918,2629,12,6,0,6926,790,2850,0,5,0,1536,3456,3355,0,0,0,8263,1485,2684,12,5,0,2685,889,7594,0,0,0,2412,3842,6052,0,5,0,3703,1118,6511,0,0,0,2473,1214,1852,10,10,5,6430,5016,3657,0,0,0,2116,4866,2261,0,0,0,3062,1895,2277,10,5,0,2610,996,1880,0,0,0,1127,2493,2003,0,8,5,2819,1368,1898,0,0,0,1568,1561,3217,8,0,0,2167,1483,2566,8,5,0,2528,4304,2997,8,0,0,1935,1185,6952,0,0,0,1067,2678,5065,8,0,10,2503,3496,8143,0,0,0,1998,5242,2962,8,0,0,1505,2411,2306
14,1,3,1,1,1,10,5,3478,4009,2318,1,0,1,2784,3220,1208,1,0,0,2478,1171,1835,1,0,0,1918,1021,918,0,0,8,1724,5346,1851,13,0,5,2917,3031,5520,0,5,3,1590,3992,7803,0,0,0,3210,2875,4359,1,0,0,3865,3591,1412,11,0,9,2528,2580,4645,9,0,0,4063,2293,2357,0,0,0,1815,2397,1657,0,8,0,3637,3175,3472,10,0,10,4600,2600,6042,0,0,10,1752,2495,4770,0,0,0,4122,2118,5662,9,0,8,3418,3058,3499,0,0,8,6529,2864,5929,0,0,0,3778,8804,1131,10,0,5,3108,3096,5637,0,0,0,4242,2481,997,10,0,0,1967,2127,6480,0,0,0,3019,2605,2070,9,0,9,1644,3090,2738
15,1,2,1,1,0,15,0,4169,2432,1998,0,0,0,2088,970,1591,1,0,0,1051,1331,974,10,8,12,1817,1319,1327,0,10,0,1434,1322,722,1,8,0,4558,5311,802,10,8,12,3035,1387,2127,1,0,0,7664,1309,714,10,8,12,2289,2511,2265,1,0,0,1179,1339,1898,10,10,11,2364,1317,1189,0,0,0,2387,3478,1916,1,0,0,3737,3100,849,12,12,12,2208,3741,2667,1,0,0,1600,4059,2628,10,10,10,2782,3556,744,1,1,0,922,6573,1947,10,10,10,1977,4026,869,15,11,0,5465,4051,2071,1,0,0,6198,6631,6144,15,15,15,2766,1200,1664,1,0,0,8254,3936,1551,12,11,12,6239,3597,1567,12,12,0,4257,5956,3340
17,1,3,1,2,19,13,10,2907,1752,3521,0,0,0,1456,1164,1539,5,3,0,3574,3078,1516,4,0,0,1964,2308,2087,19,11,5,2112,1235,1761,18,14,10,3002,1133,3362,19,15,10,4523,1233,1848,18,14,10,2700,1328,1634,18,15,15,3205,1104,3984,0,0,0,1306,1188,1496,2,0,0,2327,1513,2595,17,14,10,4678,973,1655,15,13,15,3589,1163,1982,10,0,0,2507,1331,1540,6,0,0,2639,944,1675,15,13,10,3171,1051,3065,18,16,16,2012,1408,4783,6,0,0,1388,1179,1451,1,1,0,4640,1402,1653,18,14,10,2111,984,3549,19,16,15,2083,4791,1587,0,0,0,1524,1148,1535,1,0,0,2569,2185,1622,20,14,15,1511,1359,1906
18,1,1,1,2,0,0,0,2625,1445,4265,0,0,1,3235,1129,3853,0,0,0,4455,999,2164,0,0,0,3405,884,2867,0,8,0,2983,1400,3295,0,0,0,3765,1379,2293,0,0,1,4292,4181,2394,0,0,1,3394,1687,3177,15,8,0,7194,1290,7682,0,0,0,3295,2546,4918,0,0,1,5975,4924,2406,0,0,1,4687,1688,3677,0,0,0,2822,2069,2136,1,0,1,10791,1376,1757,2,0,0,6111,2278,3721,1,0,0,5676,2519,2213,1,0,10,8311,2741,4371,1,0,0,8437,2725,2636,1,10,0,5999,1396,2692,1,0,0,5705,1317,3577,0,0,0,6283,2036,3006,0,0,0,7762,1279,2396,10,0,0,5314,1458,2623,0,0,0,4231,1473,2205
19,1,3,2,2,1,0,0,2280,1185,1264,2,0,1,684,765,1635,1,0,6,734,863,2030,5,12,6,861,807,3356,0,0,1,1485,849,2986,1,0,1,1011,1103,2832,0,0,5,1248,636,3689,8,12,7,1351,945,8399,0,0,0,2241,815,1303,1,0,0,3766,1082,1669,1,0,1,927,969,1740,8,12,8,1965,982,1664,0,0,0,1279,705,1175,1,0,0,3185,918,1325,1,0,1,1075,756,1395,7,12,8,1056,1448,1249,1,0,0,1357,898,1825,3,0,1,1259,831,1925,1,0,1,1196,776,1998,8,15,9,1529,1145,2165,0,0,0,1508,679,1418,0,0,0,1724,658,1350,0,0,1,2193,873,1366,5,10,9,1084,1038,1417
21,0,3,3,2,10,5,2,4450,2292,6020,1,2,7,1283,1552,1825,1,5,7,1206,4085,1696,11,5,7,1820,2271,1604,0,5,8,2442,2485,4246,1,2,7,4377,2143,2628,11,5,7,1344,4237,7685,0,0,2,2171,3799,4003,0,1,7,3498,7092,4433,11,0,7,2866,2239,1547,0,0,8,4200,2847,2418,11,0,7,10338,3389,2955,0,1,7,2235,1817,3966,18,5,7,7207,1959,2941,0,0,7,2591,3763,4286,11,5,7,3437,2003,1100,0,0,7,3498,2426,3369,11,5,7,2475,2878,5031,0,0,0,1272,1814,4757,11,5,0,2713,3058,4121,0,5,7,3928,5246,3406,11,5,7,2390,4819,4341,0,0,6,1366,2294,2253,11,5,6,2069,2055,1973
22,0,1,3,2,8,13,15,4956,3874,7067,13,14,1,5659,2451,1298,12,10,1,5757,3050,3005,12,2,1,5416,2215,2226,1,2,1,2719,1152,1703,1,1,1,2991,939,1489,1,1,12,2987,3614,3503,1,13,10,3641,1349,1646,12,13,12,6250,1914,1945,15,1,1,6296,1287,998,1,1,1,3518,1718,1685,1,1,1,3329,798,2033,1,13,12,3315,1185,4196,16,15,1,4884,1613,1753,1,1,1,3527,757,1951,4,1,1,6458,1424,1566,1,14,12,7118,1621,1120,12,14,1,2946,1536,1484,1,1,1,3018,1523,1710,1,1,12,3138,1627,6569,1,14,12,3253,1308,1445,1,1,1,4158,1420,1425,1,1,1,2837,1331,3024,1,13,9,3376,1976,1427
34,1,3,3,2,5,0,0,4344,2214,2187,0,0,0,3921,2729,2257,3,0,0,11420,2731,3101,0,0,0,2113,5577,2684,0,12,1,3308,3045,2134,10,10,10,2331,3893,2715,0,0,0,3556,2583,2836,0,0,0,3328,2084,2175,0,0,0,2487,1939,2720,5,0,0,2395,3530,3327,0,12,1,1831,3028,2091,0,14,20,2185,3065,3318,0,0,0,4733,2239,3808,0,0,0,2811,3002,3283,0,1,0,6505,5019,3162,0,12,1,3870,6020,5627,10,10,20,2506,9218,3750,0,0,0,1885,1734,3399,0,0,0,2119,6637,2616,10,15,0,6365,5042,5368,0,0,0,1946,2157,3279,0,0,0,1437,2802,2682,0,11,10,2963,2980,3159,0,13,15,2703,5319,2596
35,1,2,3,1,12,13,15,2269,3138,4961,1,2,1,984,5483,4543,12,13,15,1963,7555,6787,1,1,1,681,6203,5684,12,12,13,1398,5015,4474,1,2,14,962,6493,9435,14,13,14,1848,3388,10368,1,1,1,843,3217,1328,14,13,15,2386,4827,2206,1,1,13,1433,3931,6859,14,1,1,1906,8256,2506,1,14,1,1227,4029,1711,12,13,14,1855,2752,3046,1,5,13,1784,4969,7286,13,13,6,2452,4589,6229,1,2,10,1647,5786,7363,12,13,14,2290,3068,2996,1,1,1,845,2905,1245,12,13,13,3040,4301,6200,1,1,1,2919,3759,1823,12,13,1,2588,4252,1235,1,1,1,1781,4257,6651,12,13,15,2894,3388,3312,1,1,1,1712,4148,1536
36,1,3,1,2,0,0,0,3335,686,1058,0,0,0,2142,896,1039,0,0,0,2460,731,1075,0,0,0,2690,754,1514,0,0,0,1912,1627,1338,0,0,0,2059,714,1292,0,0,0,1933,810,727,0,0,0,1672,784,1350,0,0,0,2134,2718,1392,0,0,0,2112,696,2598,0,0,0,2180,954,2479,0,0,0,2358,1294,1417,0,0,0,1935,881,1283,0,0,0,2064,752,1853,0,0,0,2922,5795,1908,0,0,0,2605,3396,2048,0,0,0,2742,741,1637,0,0,0,1963,999,1268,0,0,0,2757,807,2937,0,0,0,3158,1008,1966,0,0,0,1968,686,973,0,0,0,2266,1142,1018,0,0,0,2256,741,1580,0,0,0,1960,1283,1856
37,0,1,2,1,0,0,0,7238,2761,5526,0,0,0,2626,1262,2059,0,0,0,1390,3863,1265,10,10,10,1993,2131,1406,0,0,0,1596,1352,1277,0,0,0,2564,1984,1079,0,0,0,1914,1556,3023,0,0,0,1416,1198,8873,10,10,10,2367,1637,1107,0,0,0,2137,869,2826,0,0,0,2359,1418,2626,1,1,0,4963,1714,2877,0,0,0,2562,1002,1213,0,0,1,2679,1117,1578,10,10,10,2648,1293,1559,0,1,0,2727,3921,1204,0,0,0,1583,913,1165,0,0,7,1809,1163,1661,0,0,0,2466,1070,2399,10,0,10,3498,5082,1280,0,0,0,1912,5618,5772,0,0,15,1480,1113,8530,0,0,0,1531,2245,3746,10,0,10,2620,906,3004
38,1,3,1,2,0,0,0,1388,2329,1801,0,0,0,1521,2149,1208,0,8,0,1060,2239,1109,9,8,8,1013,1743,2249,0,0,0,1857,2338,2338,0,0,0,962,1914,1281,0,0,0,848,1587,871,10,8,0,2659,1916,1067,10,0,0,1085,2021,1325,10,8,10,901,2587,3422,0,0,0,894,2219,1128,0,0,8,863,2498,843,10,8,7,976,2717,2434,12,0,0,1649,2529,951,10,9,8,2382,1492,1028,0,0,0,998,4168,1378,10,9,8,1378,1377,893,0,0,0,779,2559,1102,10,0,0,2745,2151,1197,0,8,0,875,2037,1099,9,8,9,780,2843,1259,13,0,0,2549,2150,2796,0,9,9,842,2216,1087,10,0,9,2287,1595,978
39,0,3,3,2,9,10,14,3487,2358,3650,10,10,14,2287,5495,2761,13,4,14,2372,4247,2623,7,10,5,5414,5228,1987,1,5,6,2515,1995,1366,3,2,12,2479,3408,1957,2,5,12,3630,2726,1618,7,5,12,2275,3103,1734,8,10,13,9011,2379,2590,11,11,12,7320,3637,4633,3,2,14,4950,3321,2262,13,3,1,4146,3493,2678,1,2,11,1898,4199,1360,1,8,11,3115,1968,2854,12,7,11,2343,2219,2380,13,10,12,7518,3883,5522,8,1,2,3681,2469,1521,3,3,2,7164,4489,3100,2,2,12,2781,2642,1503,13,10,12,3249,3091,1481,12,11,13,5365,4355,1629,11,1,1,10146,4112,2221,1,2,1,1515,5864,3282,1,8,12,1920,4493,2507
40,0,2,2,1,0,0,10,3146,2785,6378,0,14,8,801,1975,3599,13,10,6,6305,3572,9333,0,0,14,1708,1769,5121,0,0,0,6879,1678,1854,14,13,8,1675,1851,4119,0,0,8,2120,2423,7060,14,10,10,1391,989,9266,14,12,1,8329,1681,2870,0,0,12,1182,767,9008,14,10,8,1747,1466,3126,0,5,12,2956,1541,3881,17,10,0,3093,1818,3882,0,0,3,6204,2685,12,13,10,10,3332,4337,2514,0,0,0,2186,2413,5370,14,10,10,3845,4680,5648,16,0,0,3284,1310,5309,16,0,16,3906,6684,6398,0,10,0,2287,1692,4951,0,10,10,2425,2734,12027,5,11,12,5550,6343,3517,3,0,13,6268,1587,2865,0,0,8,3167,5744,5897
46,0,3,2,2,0,0,0,4199,3188,2217,0,0,1,2466,1591,1288,7,6,0,2334,7056,1945,0,0,5,2638,1872,1280,0,0,5,3452,1788,2867,8,9,0,2034,4447,1548,0,0,0,2029,1906,1750,0,0,0,1926,1749,1840,7,9,5,4135,2017,1356,0,0,0,3385,1834,1374,0,0,0,2817,2696,1702,6,5,7,3311,5429,2811,0,0,0,3575,1716,2197,0,0,0,2045,1986,1946,8,8,6,2670,2658,1906,0,0,0,1588,1790,1866,0,0,0,1539,2780,2258,6,6,5,2410,3776,2289,0,0,0,1902,3070,2487,0,0,0,2248,2596,4771,9,11,7,1899,2304,2016,0,9,0,2759,3328,2950,0,0,0,6487,1356,3450,7,6,10,2323,8756,2266
48,0,2,2,2,0,0,0,3152,1914,1080,0,0,0,4147,1163,1238,0,0,0,3583,1121,1488,0,0,0,2680,1926,1927,0,0,0,3179,1297,1446,0,0,0,4140,1468,1441,0,0,0,3185,1294,1178,0,0,0,3693,1116,1398,0,0,0,3399,1100,1422,0,0,0,3308,1383,1529,0,0,0,2787,1207,1339,0,0,0,2993,2302,1292,0,0,0,3164,1669,1321,0,0,0,3766,1110,1419,0,0,0,2118,1838,1412,0,0,0,3185,2232,1212,0,0,0,4025,1583,1268,0,0,0,4242,1566,4303,0,0,0,6060,2254,5280,0,0,0,3023,1948,1228,0,0,0,3041,1237,2620,0,0,0,3110,1323,1653,0,0,0,2619,1268,1660,0,0,0,2607,1129,3035
49,0,3,1,2,0,0,0,1942,941,2739,0,0,0,954,963,2888,0,0,0,1749,1161,2229,5,0,4,5018,1395,4968,5,6,5,1316,5434,2432,0,8,6,1208,1182,2746,0,0,6,1257,575,2661,0,0,0,990,2271,1537,0,0,6,853,1100,3141,6,6,5,953,2213,3193,0,0,0,1021,1218,1876,0,0,0,923,1063,1869,6,0,0,4911,2554,1978,6,0,6,8641,1347,1809,6,7,6,1013,1319,3447,0,7,0,1258,1035,2000,0,0,6,905,853,6552,0,0,0,1366,954,1599,6,6,5,973,857,4034,0,7,0,2530,1225,2729,0,0,0,1051,881,2162,6,6,5,1008,849,1466,0,0,0,861,733,1227,0,0,6,4861,1195,2647
50,1,2,2,2,0,0,0,3229,3291,9666,0,0,0,3840,3493,6236,5,0,12,6075,1458,2513,5,0,0,1486,2854,3961,0,17,0,2170,6411,2987,0,0,0,5662,3395,1924,0,0,8,3040,2840,2260,0,0,0,1437,1510,5276,0,0,0,1869,3706,9042,8,0,15,3146,1574,5140,0,0,0,1024,11995,2591,11,0,0,7365,7633,2326,0,15,0,938,2574,2612,8,0,0,4660,4543,2697,0,0,9,5002,6790,2286,0,15,9,4963,8228,3141,0,0,0,9827,1431,1436,0,0,10,7932,4798,3360,10,0,10,7995,2238,7724,9,0,9,6175,6661,2866,0,16,9,2098,2997,1992,8,16,0,4644,4544,4790,0,0,0,981,3103,3028,0,0,0,4601,2449,3215
51,0,2,3,1,0,12,0,2705,2984,2351,0,0,0,1472,2906,1174,10,12,10,1401,4156,2682,0,0,10,1377,7325,3980,10,12,0,1004,1868,4747,10,10,10,1914,4700,6068,10,10,10,1109,2472,3525,10,10,10,949,2654,3011,10,0,0,884,2612,1130,0,0,0,908,4332,1315,10,12,10,981,6364,2341,10,11,10,887,3232,1787,10,10,10,1422,4380,2692,10,10,0,865,4102,886,0,10,0,1367,6948,1984,0,10,0,1526,4427,2741,1,10,0,1080,4232,1100,11,0,0,1113,1756,4050,10,0,10,1733,1840,1860,10,10,10,1461,3986,2105,10,10,10,1052,2991,2210,0,0,0,786,2201,1750,0,0,0,1226,1652,3423,10,10,0,1243,1717,2807
52,1,1,3,2,0,4,0,2859,4387,2790,0,3,0,2518,4709,2782,0,2,0,1972,5636,3877,0,0,0,3269,5896,5948,0,0,0,7523,2923,1856,2,0,20,6172,3650,3831,10,8,10,3101,6454,4979,12,0,10,2728,2798,4723,0,0,0,2515,4442,2518,0,0,0,3820,4959,4377,0,0,0,2389,4524,3691,10,9,0,4267,6490,7218,10,0,15,2823,3097,8407,10,10,0,2706,10685,1782,0,0,0,1976,2377,2724,0,0,12,1526,3829,6821,10,10,10,3625,5035,3621,10,0,0,3476,4971,5313,0,0,0,2129,3507,4636,0,9,15,2364,5391,7388,10,9,0,2179,7441,7212,0,0,0,2441,4601,4030,0,0,15,5127,2420,4574,10,0,10,4846,8424,6368
53,0,3,2,1,0,0,1,3212,3268,9414,0,11,3,2838,1795,11633,10,0,19,4045,3722,6899,0,10,0,2100,1264,5352,0,0,19,2305,752,12295,0,10,0,1744,6189,10473,0,10,20,1054,2462,9999,0,10,8,1853,4147,11311,0,10,20,890,1403,8055,10,0,1,2450,2727,8000,0,10,16,1958,2146,9309,10,0,18,3301,846,11595,0,10,11,3389,3332,9064,0,10,0,3506,2631,9473,0,10,0,1942,3177,9808,0,10,20,2455,1358,6568,15,0,19,4909,812,7788,0,0,2,3895,1068,5371,0,10,1,1159,2001,8358,10,10,16,2520,2154,8448,0,0,20,959,2511,7050,10,10,20,2758,1382,9276,0,10,9,5134,1361,6776,10,0,11,4039,10372,2747
54,0,1,2,1,0,0,0,1495,2429,1078,0,0,0,787,2399,2163,0,0,0,769,1761,935,5,0,4,849,1932,2867,5,0,0,1800,4828,1047,0,0,0,603,2097,835,0,0,0,811,3939,1085,5,10,5,638,1474,1148,0,0,0,839,1818,1604,0,0,0,969,1911,2337,0,0,0,593,2833,1865,5,6,5,1683,2189,1266,0,0,0,655,2545,1540,0,0,0,1308,4159,2275,0,0,0,727,2171,1218,6,6,6,874,4780,2085,0,0,0,783,2241,2669,0,0,0,686,1775,1139,0,0,0,827,1575,3286,7,7,5,741,1095,4541,0,0,0,795,5999,2604,0,0,0,1591,2259,4018,0,0,0,1983,2108,2003,8,10,5,3466,4267,1366
55,0,1,2,1,0,0,0,2859,1016,1475,0,0,0,854,1880,1807,0,0,0,1629,2797,2266,0,0,0,695,1903,1879,0,0,0,720,2044,1695,0,0,0,589,3103,1986,0,0,0,6142,1908,2057,0,0,0,4493,3024,2015,0,0,0,4576,2941,1743,0,0,0,3837,2776,2398,10,0,0,1308,2050,3087,0,0,0,5560,2190,9250,11,0,0,2938,3112,4601,0,0,8,1815,2994,7759,0,0,0,1648,2724,1926,11,0,0,1509,2011,2511,0,0,0,1637,2016,2546,0,0,0,2046,2036,2774,0,0,0,8314,1909,3118,0,0,0,689,2801,3216,11,0,10,1445,2139,2865,0,0,0,1941,1658,2426,0,2,0,9055,7003,1579,0,0,10,8688,2210,6186
56,1,3,2,1,14,14,3,3365,6776,12846,20,14,0,4990,1761,2290,0,14,13,3542,2663,8743,20,14,0,1703,1573,6266,20,14,12,1100,951,1681,20,0,0,1671,911,817,0,0,0,3038,916,3379,0,0,0,5481,1148,1620,0,0,0,5776,896,951,0,0,12,3830,833,8177,0,0,0,1416,809,1344,0,0,0,1887,870,795,0,0,0,4862,893,6179,0,0,0,2260,987,4295,0,20,0,5433,1470,3992,0,14,10,2609,1068,10063,14,0,0,1320,987,739,0,0,0,1970,967,3712,0,0,0,1585,724,1866,0,14,12,12131,1258,4544,14,0,0,5964,1259,658,0,0,0,1389,1906,654,0,0,0,2508,900,2960,0,0,13,9326,883,5763
57,1,2,3,1,0,0,0,615,4599,1613,0,0,0,1239,2638,1762,0,0,0,640,2195,1584,0,0,0,646,2268,1420,0,0,0,506,2245,1909,0,0,0,633,2243,1800,0,0,0,704,5063,1835,0,0,0,737,2061,1842,0,0,0,614,2167,1816,0,0,0,683,2042,1735,0,0,0,660,2002,1786,0,0,0,815,2292,1987,0,0,0,593,1992,1835,0,0,0,1379,2717,2105,0,0,0,718,2295,2084,0,0,0,626,2501,1909,0,0,0,651,2021,1882,0,0,0,679,2364,2117,0,0,0,746,2236,1825,0,0,0,685,2190,1944,0,0,0,763,2162,2145,0,0,0,701,2116,2566,0,0,0,647,2522,2294,0,0,0,716,2362,2012
58,0,2,1,1,0,5,4,1879,8745,3957,15,6,8,3429,4519,1470,0,3,10,1579,1561,2943,15,10,6,1768,5412,979,0,15,9,1573,4962,1874,14,9,2,5389,7458,2380,0,7,10,1437,4700,2676,14,14,8,2335,3678,2227,0,5,12,1750,3331,2546,14,15,0,1735,2368,3196,0,1,4,1407,2452,1594,13,17,3,3361,3871,1745,0,5,8,1302,4556,1502,13,9,10,3650,2525,4309,0,9,15,2189,3430,2000,13,14,5,2670,4588,4719,0,1,7,2118,4735,1576,13,5,0,2656,8077,1399,0,12,5,2286,3204,997,12,1,2,4207,1947,2767,0,3,4,2963,5037,1400,10,20,7,2805,3746,1016,0,1,6,1869,1957,962,10,15,2,2797,2488,1441
59,0,1,2,1,0,0,6,3332,1951,3214,0,0,0,1940,1773,1501,0,0,0,1714,1856,4729,0,0,0,1787,4237,4863,0,0,0,2150,2015,3114,0,0,0,2717,7316,1582,0,0,0,2344,1336,2743,0,0,8,2063,7490,5965,0,0,0,2610,7242,2257,0,0,0,1012,10875,2848,0,9,0,2340,942,4485,0,0,0,2017,6929,7066,0,0,8,2889,8714,5240,0,0,0,7324,4097,4193,10,9,0,3183,4781,4103,0,0,9,2130,4219,1652,0,0,0,1576,2952,4120,15,12,9,2820,6023,3231,0,0,11,1666,4546,6176,0,0,0,1766,1381,2646,0,0,0,1804,5059,3984,11,9,9,8580,8847,8800,0,0,0,1497,3072,3591,0,0,0,2080,3326,4454
61,1,1,3,1,18,18,20,6475,3583,2105,0,0,0,1744,1671,1882,20,18,18,2138,1580,1845,18,18,18,2195,3324,1640,0,0,0,2326,1523,2121,18,18,18,2320,2196,1677,0,0,0,1572,1913,1353,18,19,18,2484,1592,1416,16,19,18,3082,3802,1581,0,0,0,2132,3001,1398,18,18,18,1728,1417,1419,0,19,0,1544,2308,1518,18,18,20,3386,2302,3821,19,18,19,2840,3079,1475,0,0,0,2219,1235,1788,19,18,19,1672,2917,1534,0,0,0,2638,2386,2145,19,18,19,2307,2522,1651,19,20,19,2462,2450,1433,0,0,0,1652,1372,1446,19,18,20,1801,2127,1615,0,20,0,1730,1889,1993,18,19,19,4062,3300,3048,19,20,19,2753,2547,3187
62,0,1,3,1,3,0,0,3280,999,1300,1,0,0,2091,3604,1513,0,0,1,647,1353,2383,8,8,8,841,1101,1054,0,0,0,728,940,8132,0,1,0,939,911,1820,0,0,0,667,1376,1418,0,0,0,676,1200,1614,0,0,0,581,1178,1656,0,0,0,696,990,1511,0,0,1,1379,1336,1279,9,10,10,705,2067,1256,1,0,0,651,1253,1182,0,1,0,590,2666,1316,0,0,1,616,932,1296,11,9,8,846,970,2265,1,0,0,589,2121,1553,0,1,0,672,2210,1480,0,0,0,656,1635,1650,0,0,0,780,1038,1529,1,0,1,766,1006,1681,9,11,10,737,1520,1305,1,0,0,1844,1933,1589,1,1,0,1984,2128,1630
63,1,3,2,1,10,10,10,3606,3177,3781,0,0,0,1802,1540,1719,0,0,0,2102,1154,1126,0,0,0,1414,755,1208,8,9,8,2879,967,1204,0,0,0,1420,853,1295,0,0,8,1151,769,1115,8,8,8,836,859,982,0,3,0,3106,12,2266,0,0,0,1856,1118,2224,0,0,0,2351,1360,918,0,0,0,2102,871,1421,0,0,0,2358,924,2417,0,0,0,1808,795,2399,0,0,0,1445,637,2183,8,0,9,2100,888,3626,9,0,0,3764,799,913,0,0,0,1142,1850,1195,8,8,9,3422,903,1020,0,0,9,3657,2184,1159,0,0,0,2166,794,1004,0,1,0,1606,1077,939,16,8,9,8476,1168,1018,0,0,0,1213,1083,2025
64,0,2,3,2,0,0,0,6175,2611,2310,0,0,0,1628,1876,2173,0,0,0,1931,2675,2531,0,9,5,1625,2881,1771,5,9,10,4261,1709,4749,0,0,11,1572,3402,1988,0,0,15,1864,2704,2907,10,10,10,3426,1935,2433,10,11,12,5906,2036,2109,0,0,0,1647,1418,2440,0,0,0,1643,1668,1368,10,7,0,4688,1984,2231,0,7,0,1722,3270,1571,0,0,15,1614,2560,4081,0,5,12,2010,1645,2825,0,0,15,1995,2157,2673,0,7,15,2014,2668,3180,12,3,10,2235,3594,1571,0,5,0,2274,5163,2185,0,0,15,1787,1631,2914,0,0,12,1648,1800,2656,0,0,0,2476,1861,1471,0,6,0,2031,1980,2347,0,0,0,1775,5439,3230
65,0,1,1,2,10,5,0,10587,9695,4480,10,10,10,2154,4740,2703,10,10,10,2144,4979,1914,10,10,10,4622,2327,2446,10,8,11,2953,6119,1634,10,0,0,2946,9534,1541,10,0,10,8331,2688,2622,10,11,10,4205,4242,1861,10,10,11,5531,1370,2103,10,0,0,2759,1209,2069,10,10,9,2635,1207,1517,10,10,10,2746,1405,4242,0,0,0,1445,1531,2564,10,10,8,2981,2620,2990,10,10,9,3393,3788,4719,0,0,0,2383,4190,2270,10,10,0,1886,3553,8105,0,11,11,8707,2424,2810,10,0,0,3743,1834,5766,10,10,9,4020,2482,4225,10,11,10,5175,6863,3719,0,0,11,2584,8585,1672,0,10,9,2499,6426,2115,10,0,0,7683,5200,2525
66,1,3,2,1,0,0,0,3502,841,3953,0,8,0,1760,2534,3348,5,4,12,998,4973,3684,0,0,0,1713,3619,2804,0,8,0,1741,920,3085,0,5,0,3342,4416,5851,5,0,0,4162,1204,7714,0,8,0,2077,8291,4804,0,0,0,2002,844,5419,0,0,15,1977,1657,11524,0,0,0,2524,4905,3456,7,0,15,1579,5072,3632,7,0,0,2096,2625,2854,0,8,15,2929,7419,3842,0,0,0,1981,3087,2470,0,8,0,3368,5574,3409,0,0,15,2011,2581,3348,7,4,0,1229,3333,2323,0,0,0,1504,2590,1775,0,6,0,1688,2922,2417,0,6,15,1828,7328,4807,0,0,0,1538,4869,2451,0,0,0,2221,6844,2734,8,0,15,864,5913,3945
67,1,2,3,1,10,10,15,5967,3829,1325,10,10,16,9432,4780,5104,10,10,17,3097,2577,4018,20,10,18,7036,1712,1815,20,12,19,4788,4741,2375,20,10,19,2901,1912,4679,0,15,19,2576,6197,5860,0,10,18,4458,2166,5211,0,10,18,12,5058,3385,20,10,18,1765,4849,4182,20,10,18,4901,1679,6334,0,12,20,2724,3360,3534,20,10,20,8371,7181,3836,10,10,18,6049,1510,6250,10,10,18,7891,6146,4656,20,10,18,3096,6140,8583,0,10,18,4216,8548,6059,0,10,18,4621,4744,10374,0,10,18,10704,1936,4359,20,0,18,4918,1335,10572,10,0,20,4514,2825,4841,10,10,20,7058,5251,2861,10,0,20,6633,8448,2457,10,10,18,6281,7045,5409
68,1,2,2,2,4,0,1,5737,2984,6208,0,2,0,1820,1565,1177,3,1,10,2019,2228,4381,5,14,9,4086,3117,8293,10,6,10,3527,2304,9875,4,8,0,2730,3058,1062,2,2,4,2270,2043,12,8,14,10,3096,1898,1103,4,2,10,2755,3531,2673,0,1,0,2408,3096,986,0,0,0,3517,2386,3147,0,13,8,3474,2590,4267,7,10,0,4332,1915,1151,3,0,0,1074,1476,2641,0,0,0,2339,1179,1246,0,15,10,2316,2068,4397,14,0,0,3975,2768,2464,0,0,0,1728,2553,1233,9,0,0,5188,1688,5737,12,14,12,3269,2112,2570,3,0,0,2689,2312,1362,0,0,0,1633,3680,1409,10,0,0,3294,2156,4342,7,14,10,4965,3003,3065
69,0,1,2,1,0,0,0,5259,2360,2913,0,0,0,2278,1731,2807,0,0,0,4904,1334,8053,0,0,0,1103,1068,2664,0,0,0,1165,1081,11924,0,0,0,1078,999,4073,0,0,0,2474,947,2360,0,0,0,1415,856,3021,0,0,0,855,858,3223,0,0,0,4490,1335,1813,0,0,0,1467,1143,3614,0,0,0,1128,1410,1599,0,0,0,6322,1606,1438,11,12,12,2777,2751,1754,0,0,11,2956,1065,3531,0,0,0,1360,1013,1248,0,0,0,841,1105,2375,0,0,0,1560,1520,3184,0,0,0,2285,1405,6975,0,0,0,2580,941,2527,0,0,0,2203,895,1266,0,0,0,4852,992,4399,0,0,0,3398,1164,3033,0,0,0,3476,974,2556
70,0,1,3,2,0,0,0,2405,2863,887,0,0,0,1919,1254,977,0,6,0,1639,2326,901,8,8,7,2067,4999,3002,10,0,0,2822,1099,871,0,0,0,1937,1280,1103,0,0,0,2025,1524,1121,8,8,8,2281,1931,1377,10,10,10,3930,4535,2432,10,0,0,2092,1158,889,0,0,0,1686,1296,1018,0,0,0,2508,1197,931,0,8,0,2620,1368,1623,0,0,0,2201,1159,1119,0,0,0,2227,1394,1063,0,0,0,2446,1170,1077,0,0,0,2195,1431,1003,0,0,0,2511,1318,1132,0,0,0,1716,1381,1255,0,8,0,1898,5743,1601,0,0,0,1916,2169,927,0,0,0,2090,1622,3240,8,0,8,1904,2634,912,10,10,10,2576,2185,3420
76,0,1,3,1,0,0,0,1220,1389,2292,0,0,0,1124,1300,1281,8,9,8,919,1708,1559,20,0,0,3782,7084,2590,0,9,0,966,3968,1425,0,0,0,2044,1656,1948,9,0,9,2051,2286,1273,0,10,0,2883,3090,1420,0,0,0,4372,1178,2466,18,9,9,5274,1817,1837,0,9,0,7773,2591,1635,0,0,0,2310,1169,1959,9,0,8,3475,1698,2156,9,0,0,7348,1168,1410,0,0,8,1163,1083,2253,9,9,8,1965,2368,2455,0,0,0,2803,1225,1564,0,0,0,914,1390,1188,9,9,8,1701,1107,1543,0,9,8,3746,1372,1462,9,10,8,1283,1896,1515,0,0,0,6172,1344,1432,0,0,0,845,1485,2631,9,9,8,776,1444,3012
77,0,3,2,1,10,20,0,7263,7067,1885,20,20,0,4780,4385,1459,1,0,0,12901,5798,1512,0,0,0,1638,1987,2124,0,0,0,1579,1167,1220,0,0,0,933,2541,1811,0,0,0,1306,4591,2216,0,0,0,1217,3235,2238,0,0,0,731,12123,1680,0,0,0,948,1401,1392,0,13,15,800,5658,2341,15,20,0,1855,7952,1255,0,0,0,1277,2276,1949,15,0,16,3701,2841,5171,20,0,0,4590,2096,1463,0,16,0,892,2845,1270,15,0,0,3326,12875,1956,15,0,0,1442,3689,2462,0,18,0,609,6516,1763,0,17,0,1139,10691,2084,10,17,0,3364,4760,2636,15,17,14,3923,6331,3182,0,17,0,1428,3998,4749,0,17,0,1605,6856,1696
78,1,2,3,1,0,0,2,2987,4338,4230,0,0,0,3598,2026,1053,0,15,12,2246,2472,1605,14,0,12,3060,2172,2025,0,15,13,2671,5207,1997,18,0,0,5344,1999,1284,0,15,10,1956,6843,5076,0,18,12,3355,5034,1906,0,0,0,3272,1838,1002,10,0,12,1817,1999,1315,0,0,0,5793,4287,1322,0,0,10,5786,1721,1968,12,15,0,3055,3193,2516,0,0,8,2755,1847,886,12,15,0,8253,3865,975,0,18,10,2690,4815,2351,0,0,8,3542,2972,2997,13,0,10,2058,1290,1483,7,15,0,5058,4884,1453,0,0,10,3523,2706,1880,8,15,10,4520,3973,1769,0,0,12,3660,2052,2579,12,0,0,3706,2150,4202,0,0,8,2254,3925,1461
79,0,3,1,2,0,0,0,7223,7315,3586,2,0,0,8825,6269,2631,3,0,0,6545,3395,3528,0,0,0,2601,4256,4233,0,0,0,2809,3243,3220,0,0,5,635,5054,3508,6,0,0,8755,3260,2403,3,0,0,3211,3352,3040,3,0,0,2743,2898,2681,0,0,0,2723,3506,4467,0,0,0,2741,2581,2580,5,0,5,5145,2254,7419,3,0,0,4351,2278,2669,3,0,0,3925,4468,2656,2,0,0,2324,2082,2962,0,0,0,2233,2319,3398,0,0,0,2772,4044,2773,0,0,0,4351,4318,3317,0,0,0,6218,2535,2666,0,0,0,4673,2639,3588,0,0,0,1920,2807,2639,0,0,5,9192,2636,3493,0,0,8,2747,2870,8311,0,0,0,2557,8747,3118
80,0,1,3,2,5,10,10,4460,7837,4750,8,10,5,2677,3877,11763,6,0,10,2585,1471,3044,8,0,10,4016,998,11764,4,5,5,3816,7575,6939,5,8,15,4884,2764,10069,15,0,10,6008,3639,2580,6,5,20,3316,4023,2075,20,8,20,3685,5893,3671,6,0,15,3137,12056,9372,3,5,5,3678,1472,8909,6,0,15,3110,6814,8593,9,10,5,3690,1026,10812,10,10,20,3300,2775,5273,15,0,20,4098,6976,2786,20,10,0,4431,3341,2189,2,10,10,2779,2759,2263,4,10,15,3539,5288,3738,8,10,15,2945,10726,5689,4,0,10,3688,1090,9417,6,10,0,3413,4358,3668,4,10,15,3839,9091,11421,7,10,20,3058,8642,9819,20,0,3,4374,5033,4158
81,1,3,3,2,0,0,0,2761,3548,3182,0,0,0,1943,2268,2375,0,0,12,2281,3380,1811,0,8,0,2699,1596,1589,0,0,0,2921,3061,3096,0,0,0,2176,1995,2260,0,0,0,2920,3918,2196,0,10,0,2983,2342,5339,0,0,0,4330,3803,5750,0,2,0,2613,4969,5572,0,0,19,2345,2467,8783,0,20,0,2450,5698,1785,0,0,0,4228,5432,3249,0,0,0,3497,4160,4687,10,12,10,4658,6791,7950,0,0,9,3417,5273,7087,10,10,0,11306,12779,5011,0,0,0,5706,7550,8830,0,5,0,3671,7945,6702,10,10,15,8096,10712,12926,10,3,20,10781,12,9582,0,0,0,3705,2719,6518,0,0,0,4789,6260,9215,0,0,0,2221,3815,7029
82,1,2,3,2,0,0,0,3029,1517,2185,0,0,0,2147,2125,1879,0,0,0,5294,1482,2924,0,0,0,2174,1561,1735,0,0,0,3166,899,2470,0,4,5,4365,3346,1943,3,5,0,10638,5247,1772,0,0,0,2809,822,1918,0,0,0,2109,2258,2052,0,5,10,7111,2374,2627,0,0,0,2766,1989,1975,2,0,10,12,2452,3327,0,0,0,3348,2081,1756,4,5,0,2744,2158,3457,0,0,0,2623,1814,3530,0,0,0,2544,2014,2352,0,0,0,2232,3136,1769,0,0,0,2745,1981,2079,4,5,0,1624,4762,1057,0,0,0,2287,843,1183,0,0,0,2157,2131,1348,3,6,8,1386,890,1383,3,0,0,6409,5010,1720,0,0,0,1546,2013,1754
23,0,2,3,1,3,14,1,2848,9415,4185,6,0,3,2979,2252,978,13,14,10,1515,3194,2004,3,0,2,3194,1709,2029,2,0,3,3558,2034,2763,14,13,9,1472,1636,1027,13,12,8,2357,1388,2024,0,0,2,1200,1379,2377,1,0,2,978,2682,993,10,12,8,1439,1476,1492,2,0,2,1891,1110,2183,2,0,2,5410,1499,2150,13,14,9,2010,6439,2170,13,12,8,2232,9326,2409,1,0,1,1639,2226,1996,4,0,2,2814,6787,976,10,9,8,3541,6798,2160,11,12,2,3064,2888,2057,1,0,2,4670,3206,1943,2,0,8,2875,6522,949,9,9,7,2474,4568,2206,6,8,2,5153,10087,1613,2,0,1,2474,5132,871,8,10,11,2197,10765,1945
20,0,2,1,2,0,0,2,5847,5510,2325,0,0,0,1206,2485,2162,6,8,15,1063,2447,2594,10,9,9,2420,7155,3003,0,0,0,1702,1727,1620,0,0,0,1641,1912,2134,8,0,0,1415,3005,1619,7,10,9,1569,2151,2013,9,0,0,1185,1699,1801,5,11,9,1167,1536,2275,5,3,7,1479,4583,2393,0,0,0,878,1597,1916,0,0,0,1113,2599,1819,0,0,0,2389,2610,1711,0,0,0,1009,1878,1893,6,5,9,1178,2379,2317,10,0,8,1853,2229,2505,0,5,0,1098,3367,1450,0,0,0,1572,1623,1584,4,5,9,1014,5425,1258,0,5,0,1250,1607,1241,0,0,0,1156,3921,1463,7,5,8,1031,3953,2334,0,0,0,1210,1999,6043
7,1,2,2,1,0,0,1,7243,3291,5664,0,0,0,3502,2267,2888,0,0,0,4488,2675,3159,10,20,8,7489,6235,2573,10,15,8,6700,7604,4881,0,0,7,6962,10243,7897,0,0,0,2661,3309,3050,14,15,8,5705,2962,6152,0,15,6,6712,6990,7796,0,0,0,3598,1655,2371,0,0,0,4785,2387,2293,0,0,0,5082,2510,2268,10,15,8,4600,1825,2093,0,0,0,3471,2677,3039,0,0,0,4901,2115,5081,10,15,9,2447,4568,4011,10,10,8,5451,5961,5827,10,10,8,8197,7121,5361,10,10,8,6350,3286,4036,0,0,0,4875,1863,3520,0,0,0,4194,1972,3197,13,15,10,5515,2125,4166,0,0,0,2822,1860,2711,0,0,0,2381,2234,2823
16,1,3,3,2,0,0,0,1734,3339,614,10,10,10,3106,2249,2188,10,0,0,4018,1292,1202,0,0,0,1075,1485,1024,10,10,10,1753,1798,2664,0,0,0,2103,1338,1074,10,10,10,1454,2694,1837,0,0,15,1237,1470,4245,0,0,15,1287,1425,8734,12,14,10,1915,1977,1829,0,10,0,1044,3394,1343,10,10,10,2045,2070,2079,0,0,0,1996,3280,5894,0,0,0,1590,3439,1185,0,0,0,3252,1612,1014,0,0,0,1295,1858,1255,0,0,10,6017,1557,3337,0,15,10,3975,3036,2163,12,0,0,8617,1736,1090,0,0,0,1341,1992,1021,0,0,0,928,1798,1426,10,10,10,2146,2795,10718,0,0,0,1121,1536,1155,0,0,0,2449,1423,1661
47,1,2,2,1,0,8,10,2583,2112,3627,0,0,0,1044,1128,10928,0,10,10,1360,1466,6571,0,0,0,1966,1560,1922,0,0,12,1920,820,3010,0,0,11,1175,769,2196,0,10,9,4135,1437,1951,10,10,10,1570,1517,2356,0,8,8,8083,1705,6926,10,10,8,1456,1365,8468,0,8,0,3149,851,2265,10,10,9,1132,2072,2505,0,0,0,1036,1708,3163,0,0,0,2590,1417,2048,0,0,10,2248,1064,9906,0,0,10,1833,1259,2897,0,0,0,1831,1348,2198,9,10,8,1092,4592,2771,0,0,0,1210,1336,2112,9,8,9,1867,7988,2628,0,8,9,2760,1134,3443,0,8,9,1783,5378,3016,0,0,0,1358,1218,2312,0,0,0,1931,835,4165
12,0,2,3,2,1,8,3,2921,7444,3205,2,5,3,1743,10999,2613,3,2,3,1147,3804,4379,8,2,18,1955,10139,1639,5,3,5,3585,5539,4396,2,2,5,925,5354,1953,10,10,15,2331,5093,4172,2,2,3,5120,6819,2225,2,2,3,819,7694,2119,2,2,3,924,5708,1846,2,2,3,1499,5669,2041,8,14,14,1582,7249,4472,,1,2,852,6668,2885,,2,16,2975,5317,9241,,5,2,708,12304,2962,,2,2,1007,3850,2819,,14,10,1128,3383,2417,,2,3,684,2502,4002,,10,13,2004,2573,5508,,1,3,2490,1575,2153,,10,13,2268,2976,5471,,1,2,1996,2650,2516,,4,13,736,4363,8420,,2,3,2216,2066,3367
24,1,2,2,1,0,0,0,2829,3719,3128,0,0,0,1056,743,2109,0,1,1,1755,2542,4373,0,0,0,1160,956,1341,1,1,0,1163,1903,1144,0,0,1,1106,1898,1786,1,1,1,1832,841,1091,0,0,0,774,1360,1221,4,5,0,826,2506,1462,0,0,1,933,954,1605,4,0,1,2798,903,2007,0,0,1,798,1268,1451,,0,1,772,963,1579,,10,1,4083,3176,2113,,0,1,1096,712,2757,,0,1,708,1123,2309,,2,0,1127,1083,3807,,0,0,910,1670,2720,,3,0,2191,799,1826,,1,0,2831,781,1876,,2,0,2152,3519,2005,,5,0,2817,2684,1204,,0,0,895,2358,1744,,2,0,1983,1853,1142
83,0,2,2,2,5,5,5,2886,890,2139,5,5,0,3809,2495,4814,5,4,4,1149,1179,10344,15,14,13,1936,2691,2351,5,2,14,2014,2571,1909,3,5,6,2846,1910,1845,14,2,10,2439,989,4865,3,0,5,1061,1578,1345,4,2,10,1889,898,4735,4,5,10,4117,769,9959,15,15,8,3228,1272,1551,4,1,5,2366,2471,3965,,5,8,3785,1284,8874,,12,8,859,1004,8347,,0,5,1471,2652,942,,6,12,3335,1601,10439,,4,1,2682,703,9401,,2,4,2299,632,2217,,0,12,2902,1562,2226,,16,3,4658,1311,7909,,3,13,3006,1295,2089,,5,3,5459,2299,1510,,5,3,4186,1015,3236,,14,13,1552,1288,2105
86,1,2,2,1,0,0,0,2377,3955,5796,0,0,1,1986,3754,8383,5,0,1,1845,2872,7185,3,15,16,2066,5204,11731,0,5,18,4137,3106,10044,0,0,0,6549,7958,9300,0,0,1,3264,3230,8876,0,0,0,3186,2627,11079,0,0,0,2466,2453,4600,0,0,0,2759,2212,6577,0,15,15,2959,4184,11777,10,10,18,6562,5783,12430,,5,0,5034,3883,11750,,15,16,3189,4605,12701,,15,18,2728,5202,12366,,15,8,4280,5573,10453,,15,8,6969,4726,7415,,15,12,8842,4415,11142,,15,8,3059,7128,7933,,15,8,5731,4193,10505,,2,1,7011,3149,12,,2,15,7573,9202,7920,,2,2,3517,3281,4905,,2,0,5211,2940,5946
33,0,1,2,1,0,1,0,3618,2476,1419,0,1,0,1024,1181,1028,13,15,12,2395,1905,2308,0,1,0,1040,960,5514,13,15,11,4292,1496,2715,11,12,12,1798,1591,2970,12,12,12,4177,4145,4099,12,12,11,1520,1716,4634,0,0,0,1421,1142,1443,0,0,0,2163,1363,2359,0,0,0,1397,1368,1425,0,0,0,3286,1629,1437,,12,11,2825,1017,1452,,12,10,2989,2546,2263,,0,0,7023,1166,1435,,0,0,2774,1984,1294,,12,10,3541,1765,6323,,0,0,2267,2089,2048,,0,0,2680,4991,3213,,15,0,3674,1580,1231,,0,0,3619,1607,4103,,14,0,3664,2390,2359,,15,0,11901,4978,2160,0,0,0,2193,1904,2049
25,0,2,1,1,10,12,0,2130,2994,11435,0,0,0,1398,1957,3081,0,0,0,1306,1203,3458,0,0,0,2212,3673,3888,0,0,0,1266,2546,3061,0,0,0,1338,2670,3130,0,0,0,1402,2427,2160,0,0,0,1410,3226,2025,0,0,0,1581,2253,3056,12,10,0,1458,2751,3638,0,0,0,1896,2525,2520,0,0,0,1760,2687,2661,,0,0,1620,2213,5572,,0,0,1612,2610,2251,,0,0,1950,2595,3138,,0,0,1144,3436,2826,,0,0,1606,3147,2878,,0,0,2089,1783,3157,,0,0,1584,2652,3445,,0,0,3546,2409,1770,,0,0,1634,3609,2675,,0,0,4282,3452,2421,,0,0,1246,1799,2389,,0,0,1268,606,2441
60,1,2,1,1,15,16,14,1363,2642,2640,15,15,14,981,3901,2039,10,13,17,1628,4576,2595,16,11,15,901,3758,4842,10,17,16,1698,3118,2269,10,17,14,2170,3285,2159,17,15,14,1542,4137,3914,17,16,14,1700,5080,3146,10,12,16,1885,4927,3043,10,10,14,2511,3208,3586,10,10,12,1969,2385,2834,17,16,12,1924,3474,2916,,18,14,1712,3146,2743,,10,14,3877,1754,3090,,10,11,2948,2561,3259,,16,0,2026,3828,3026,,15,16,5176,5550,5151,,15,16,3734,3556,2671,,16,15,1599,2420,3178,,17,16,732,3807,3843,,3,11,1159,2041,6699,,3,12,1082,3254,7056,,16,0,1279,2469,2195,,17,15,766,1907,5354
84,1,2,1,1,14,10,12,3551,6502,5079,16,1,1,2210,2583,2144,15,10,1,3539,2478,1321,13,12,10,1574,3303,5022,14,1,11,1746,2946,3766,0,14,1,1479,7905,6858,0,0,11,1784,3537,3219,12,10,8,1990,6366,1995,15,0,8,2148,1954,1507,0,2,0,1667,4105,2729,0,10,10,1139,2838,3051,13,0,6,2273,4510,1480,,11,0,3677,6744,1537,,0,2,4195,2479,1766,,0,6,3737,7061,3766,,10,6,1092,2686,1245,,0,1,1798,3144,1662,,0,8,2799,1931,1274,,9,5,6232,5281,2048,,0,6,1738,2195,2318,,7,0,1422,6308,4036,,7,7,1433,3321,1705,,0,8,1671,4900,3291,,8,0,1392,4300,7252
85,1,2,1,2,0,0,0,5666,1175,3569,0,0,0,1652,887,4894,8,13,5,1624,1382,7206,8,7,6,8283,964,8367,8,0,3,4383,890,5228,7,0,12,3998,1045,2291,7,13,12,2671,1111,3064,0,0,0,2003,956,2541,0,0,8,1596,1202,2404,9,9,0,3313,875,4522,9,0,0,2567,902,8311,9,9,9,2356,819,4269,,0,0,1364,1210,3118,,0,9,2615,1420,5515,,0,0,2872,1182,2782,,0,12,2659,1021,2777,,0,8,1743,1017,2077,,0,8,7385,1212,3244,,9,5,1635,951,3507,,0,8,5337,802,9501,,9,5,3081,919,2156,,9,0,1801,878,2144,,9,7,9000,1113,2229,,9,9,2392,829,2029
26,1,1,1,2,12,10,19,3003,6615,2734,15,15,9,2234,9458,1522,14,10,10,4843,6683,2943,15,12,8,2015,2052,1765,14,15,10,1723,3078,2342,15,16,13,2300,3916,4679,16,12,16,9317,4920,5703,16,15,10,4560,1746,1855,17,15,10,2003,2020,1399,18,15,13,2534,2772,4278,16,16,14,2063,3662,2787,16,17,10,2191,2437,8927,,16,10,3970,2341,7411,,14,16,6288,3580,5228,,15,16,3607,1446,1922,,16,17,11762,3188,1764,,18,17,2367,2130,2220,,18,15,1748,2224,5214,,16,14,3794,1786,3193,,10,14,3014,4732,3591,,15,10,2705,3241,4093,,10,18,3547,5597,4282,,16,18,2300,2728,3971,,18,17,1988,1781,2971
27,0,3,,2,,0,0,4716,1349,3390,0,0,0,3515,1717,3439,0,1,11,1954,898,2798,5,0,10,2108,1341,4797,0,5,10,2027,1065,10466,10,5,0,7124,5361,4025,10,6,10,3168,5066,5161,0,0,10,6590,1407,7974,0,0,0,2617,866,3883,5,2,10,2085,806,2260,5,5,0,2415,1677,4715,0,0,0,4606,812,4521,5,2,9,2290,658,7115,0,6,0,5236,1588,6561,0,6,0,3398,1013,8408,10,7,0,1692,3489,6123,5,0,0,3099,945,7368,0,0,0,2482,1195,8113,5,6,0,2301,1049,5419,5,2,0,2714,6644,10081,5,5,9,2363,2847,5983,0,5,0,2566,918,3291,0,0,0,4156,1015,6731,5,0,9,2472,1974,5595
32,1,2,,2,,0,0,4403,5274,3700,0,0,15,3648,2430,2805,10,0,20,3614,1280,3634,15,1,15,4077,1504,2805,1,0,0,2060,1363,1397,10,0,0,2677,1093,2058,1,1,0,1337,3034,2904,1,0,0,1209,1003,1632,2,0,0,1848,1201,1723,0,0,0,965,1216,1649,10,0,11,2891,1534,2341,0,0,20,2265,1807,3224,0,1,0,1986,6437,1480,0,0,0,1793,2386,1406,0,0,0,1788,2370,2612,15,5,12,1934,1978,1858,1,0,0,2465,2055,2364,0,0,0,1899,1784,1363,15,0,12,1676,1195,2209,0,0,0,1704,2273,1749,0,0,0,2035,2673,2003,0,0,0,1660,3029,1520,0,0,0,1748,2167,1458,0,0,0,2047,2161,2547
30,0,1,,2,,7,7,4619,5888,3724,9,9,8,2451,5903,1597,9,9,8,3438,2578,1442,14,15,10,8123,2841,3165,10,9,10,4148,1689,2744,13,10,11,4390,4184,1387,10,15,10,10380,2445,5209,1,9,12,8520,3210,3111,12,9,0,5265,2569,1090,13,9,8,5788,2450,8235,12,9,10,7720,2440,2176,13,9,11,9492,1790,2312,15,12,12,7775,2654,2471,13,13,12,9976,5466,1917,14,13,12,12535,4689,4578,1,6,0,7085,2305,5501,0,5,1,4398,1579,2374,16,3,0,9527,3069,2531,13,3,10,7663,5010,2620,12,9,9,10311,3521,4556,14,12,11,9149,8579,2946,0,9,12,8303,10140,2150,2,5,0,10271,9264,4986,0,3,0,5202,2561,2476
28,0,1,,1,,0,0,3119,4513,1032,0,0,0,1252,2201,1025,0,0,0,1172,4794,1032,11,15,15,2308,4014,1521,0,0,0,1169,5160,1017,0,0,0,1289,2120,1191,0,0,0,1056,5670,1079,14,12,15,4595,9462,2383,0,0,0,2119,3248,1022,0,0,0,2251,2562,1008,0,13,5,1413,3157,1576,15,0,15,1933,3052,1087,0,0,0,975,1727,899,0,0,0,1145,3277,1024,0,0,0,4568,9154,867,15,10,15,2035,3509,1076,0,0,0,1159,2599,960,0,0,6,1468,12722,2678,0,0,0,1032,10516,884,12,12,15,1961,3341,1068,0,0,0,1209,3957,1385,0,5,0,3595,2436,930,0,0,0,1692,2494,941,13,10,15,1244,3276,1438
29,1,1,,2,,0,0,1585,3927,2788,0,0,0,2300,1936,6329,0,0,10,3222,1090,5433,3,0,0,1129,1181,1329,0,0,0,2029,1713,2089,5,5,10,3213,2128,5894,0,0,0,1304,1108,1532,0,0,10,1269,1342,8087,0,0,0,1022,1192,1345,0,7,0,1156,2526,2085,5,0,10,1869,1222,3381,0,0,0,1569,897,1250,0,0,0,1484,2007,2202,0,0,0,1647,1214,4221,0,7,0,2114,4314,1767,0,0,0,2743,1321,2604,0,20,0,2552,1663,1901,3,0,0,3556,1008,2487,0,0,0,2209,1020,4873,0,10,10,991,1035,2584,0,0,0,2960,906,1375,0,0,0,998,1550,2371,3,0,0,2009,947,1984,0,0,0,2688,1974,3143
72,1,,,1,0,0,10,2656,4684,10381,10,0,10,4797,2331,12589,10,11,0,5505,1153,1644,15,0,0,12326,3681,1284,10,0,15,8754,1726,1880,10,10,0,7284,995,2361,0,0,0,2830,6235,2090,15,0,0,4529,11092,6131,15,10,0,4273,3613,1439,0,0,0,4791,1804,2643,0,10,0,2476,1484,7343,0,0,0,3982,9879,5520,15,0,15,2810,803,1856,0,0,0,2209,2602,5814,0,5,0,8134,12,3276,0,0,15,3091,6593,1920,15,10,0,3690,5888,3601,0,0,0,3868,1028,2432,15,10,15,3305,6592,3326,0,0,0,1686,802,2825,10,0,0,1883,2599,4393,10,0,15,5951,2303,4265,0,0,20,2361,10756,6279,15,0,0,5427,1061,937
75,1,,,1,0,0,0,2456,6611,4284,0,0,11,5757,3731,8980,11,17,11,1700,4445,12776,11,0,0,1607,9863,6151,15,0,0,6920,6548,8760,2,17,12,12175,4161,6360,0,0,0,4686,3980,3303,15,11,0,5821,4556,3153,15,0,14,5502,3955,7188,15,0,0,2128,6410,3284,15,20,0,5702,11436,3125,0,17,4,4036,5434,12,15,17,0,3565,1401,2350,15,0,0,5808,2371,2751,0,11,0,6252,7543,6742,0,15,13,2298,9158,4992,15,15,0,5257,3438,10329,0,0,13,8732,5345,4738,20,0,0,4963,4851,2299,0,0,5,4144,2064,4033,10,15,0,6188,2739,2128,0,0,0,6862,4113,5721,0,15,0,4608,8728,3112,0,0,12,1431,2371,4579
74,0,,,2,5,0,0,8605,3946,897,1,0,0,7193,3328,3254,0,10,12,7845,4554,2023,3,0,0,8283,4847,1278,0,13,9,2690,7018,2502,5,10,9,12087,11007,2508,10,10,8,3607,6759,2603,10,0,15,6134,3178,5798,0,0,0,1071,6346,1817,10,0,0,12862,3508,1816,0,10,0,5155,9308,5136,9,0,10,10177,9150,4136,9,0,10,4019,4140,6198,0,0,0,4357,11125,1785,10,13,9,4745,8637,2770,9,0,0,2313,3803,2756,0,0,0,1661,5282,2343,0,0,0,3057,1878,3679,10,10,8,3199,9095,3317,0,0,14,1792,7155,5110,0,14,0,7815,10975,1885,10,12,12,2954,5647,3071,0,0,0,2376,5195,2729,0,0,0,3165,2033,2946
45,0,,,1,3,16,13,4157,6079,4923,3,6,13,1582,1824,7431,15,20,3,3619,5418,3578,16,18,4,1342,3690,5158,3,19,16,791,5857,4334,3,3,4,1661,3518,1139,3,6,14,1603,4236,4234,16,18,15,5329,7435,2945,16,19,14,1988,7267,6441,3,2,3,756,3931,1398,14,6,13,1940,6847,6858,14,18,14,1972,2531,2563,3,20,2,1763,5586,1397,3,3,13,2589,3792,3106,2,16,13,2134,5775,4125,2,13,2,1622,6866,860,2,12,13,1495,1935,2763,17,20,12,1151,7799,1620,16,18,14,1733,6153,3068,17,2,2,2448,3522,1868,16,19,15,2890,5393,4198,3,12,14,5356,5113,2552,2,4,2,1739,3039,1812,2,2,14,2723,3361,4828
42,1,,,2,5,10,1,3213,3224,3266,1,1,1,2306,1163,2443,1,1,1,2410,1871,2619,8,1,1,3509,1762,2776,8,9,4,2247,3044,2273,5,1,1,1551,1645,5353,8,1,1,2740,1845,2127,8,9,1,4484,3534,4484,3,1,4,998,2786,3617,1,1,0,1102,2345,7400,1,9,0,4932,2463,2466,8,10,3,945,4016,2983,1,0,6,5544,3060,1749,0,0,0,2718,2138,1618,9,9,0,2661,2683,7531,9,0,3,2253,3370,3647,7,9,0,1529,2469,3241,9,9,4,3260,4442,3037,8,7,3,955,2047,3219,0,5,9,2985,3058,2701,9,3,0,926,12,1731,9,0,7,1165,3242,6645,9,9,7,1745,2822,2400,9,8,7,1329,3129,2578
41,0,,,2,10,15,10,3640,1257,938,12,15,5,2394,2180,4415,7,5,5,4144,1325,857,6,5,1,3803,914,1199,3,1,1,3600,2196,869,1,1,0,1974,1015,1022,0,2,0,2096,2545,1338,0,0,5,1931,3085,4309,5,10,6,2032,3180,1825,5,9,6,1943,2255,1691,5,2,0,2086,2016,5452,0,0,0,1705,3519,1547,0,0,5,2253,2425,900,1,0,8,1674,929,5433,5,5,8,1659,3170,8230,0,10,8,2222,2475,944,4,5,8,7294,946,1575,0,5,0,2470,3937,974,0,0,0,2425,1973,1741,10,0,10,1499,2688,6975,0,10,10,2119,3286,2075,2,0,0,3529,3401,936,9,0,0,5903,3419,1702,0,10,10,2795,1881,6314
43,0,,,1,0,10,10,4437,2023,7619,10,10,10,2301,1872,1992,10,10,10,1604,2068,1701,10,10,10,2414,1737,1469,0,0,0,1494,871,1264,0,0,0,2262,1685,1506,10,10,10,3500,1525,1358,10,10,13,3125,1886,5059,13,0,0,5251,1665,1255,0,0,0,2707,4152,1436,10,10,10,1874,2037,1494,10,10,10,2884,1979,3352,0,0,0,2390,1062,1479,10,10,15,3698,2265,4662,10,10,16,2852,3214,4079,0,0,0,1907,4081,2072,10,10,10,2429,1519,2650,0,0,0,2409,1453,1487,13,10,15,2880,1988,2799,0,15,0,2387,2250,1644,10,10,10,2928,2010,6698,13,13,16,2659,2652,3576,13,10,0,2820,3166,3435,10,10,10,3754,1818,3244
44,0,,,2,0,0,2,11738,2934,6376,0,0,0,4639,2958,2066,0,0,0,1448,2664,1944,1,0,0,1140,5739,1999,10,0,5,2430,7537,9706,15,10,4,10503,2348,10397,2,5,0,4459,3126,5497,0,0,6,2875,2217,11606,0,0,6,6108,4452,10464,1,0,0,1572,2322,3023,10,0,8,3651,1988,7984,10,0,0,11852,3839,3034,0,10,0,1895,9286,8501,0,0,8,6878,2201,3811,1,0,5,2035,3112,12158,10,9,7,2520,2168,2724,0,0,0,3326,3068,2848,2,0,0,6659,3406,1473,1,0,1,1177,5961,1717,8,9,8,1377,2093,3834,0,0,0,1198,5710,1954,1,0,0,11029,5960,1161,8,9,7,1327,6229,2841,1,0,0,6584,2487,1880
71,0,,,1,0,0,0,2810,2071,2551,0,0,0,1264,2187,1577,0,0,0,3460,2406,3837,0,0,0,2009,2276,3873,0,0,0,1339,2477,2796,0,0,0,4850,2458,1619,7,0,0,1398,1526,1484,0,0,0,1359,3956,1433,0,0,0,1594,2728,2699,0,0,0,1363,2979,1267,0,0,0,912,2980,2068,10,0,0,1365,5928,2230,0,0,0,5799,3979,2658,0,0,0,1875,4796,4552,9,0,0,1809,1752,2353,0,6,0,3907,1177,2547,0,6,20,5333,2850,7831,10,0,0,3782,1302,2549,0,0,15,1330,1733,1732,0,0,14,969,1246,2512,0,5,16,8363,7737,6161,10,5,17,8229,7352,2885,0,0,13,9289,7025,2050,0,0,0,1439,4719,1280
73,1,,,2,0,0,15,5641,1259,4300,0,14,0,951,1329,3533,13,14,0,1314,1121,3403,13,0,15,2453,1215,2563,0,0,0,1184,1431,2446,0,0,0,1913,1252,1844,11,14,14,4121,980,4138,11,0,15,1887,1022,2377,0,0,0,731,1188,2978,12,0,0,1172,992,4531,11,14,0,2072,920,5473,0,0,13,5638,1014,3377,0,0,0,1891,984,2903,11,14,0,1267,1235,4241,13,12,13,4369,1092,6960,0,0,0,1034,971,3229,9,13,0,1754,980,5623,8,0,14,4275,754,4078,0,0,0,966,942,4701,10,0,14,2873,1225,8732,8,12,0,1852,1024,11177,0,0,0,932,1022,6641,8,13,0,3091,1296,3897,11,12,14,6968,1159,6058
