num,type,d_le,a_le,gender,a1_r1,a1_r2,a1_r3,a1_r4,a1_r5,a1_r6,a1_r7,a1_r8,a1_r9,a1_r10,a1_r11,a1_r12,a1_r13,a1_r14,a1_r15,a1_r16,a1_r17,a1_r18,a1_r19,a1_r20,a1_r21,a1_r22,a1_r23,a1_r24,a2_r1,a2_r2,a2_r3,a2_r4,a2_r5,a2_r6,a2_r7,a2_r8,a2_r9,a2_r10,a2_r11,a2_r12,a2_r13,a2_r14,a2_r15,a2_r16,a2_r17,a2_r18,a2_r19,a2_r20,a2_r21,a2_r22,a2_r23,a2_r24,a3_r1,a3_r2,a3_r3,a3_r4,a3_r5,a3_r6,a3_r7,a3_r8,a3_r9,a3_r10,a3_r11,a3_r12,a3_r13,a3_r14,a3_r15,a3_r16,a3_r17,a3_r18,a3_r19,a3_r20,a3_r21,a3_r22,a3_r23,a3_r24,d1_r1,d1_r2,d1_r3,d1_r4,d1_r5,d1_r6,d1_r7,d1_r8,d1_r9,d1_r10,d1_r11,d1_r12,d1_r13,d1_r14,d1_r15,d1_r16,d1_r17,d1_r18,d1_r19,d1_r20,d1_r21,d1_r22,d1_r23,d1_r24,d2_r1,d2_r2,d2_r3,d2_r4,d2_r5,d2_r6,d2_r7,d2_r8,d2_r9,d2_r10,d2_r11,d2_r12,d2_r13,d2_r14,d2_r15,d2_r16,d2_r17,d2_r18,d2_r19,d2_r20,d2_r21,d2_r22,d2_r23,d2_r24,d3_r1,d3_r2,d3_r3,d3_r4,d3_r5,d3_r6,d3_r7,d3_r8,d3_r9,d3_r10,d3_r11,d3_r12,d3_r13,d3_r14,d3_r15,d3_r16,d3_r17,d3_r18,d3_r19,d3_r20,d3_r21,d3_r22,d3_r23,d3_r24,rt_a1_r1,rt_a1_r2,rt_a1_r3,rt_a1_r4,rt_a1_r5,rt_a1_r6,rt_a1_r7,rt_a1_r8,rt_a1_r9,rt_a1_r10,rt_a1_r11,rt_a1_r12,rt_a1_r13,rt_a1_r14,rt_a1_r15,rt_a1_r16,rt_a1_r17,rt_a1_r18,rt_a1_r19,rt_a1_r20,rt_a1_r21,rt_a1_r22,rt_a1_r23,rt_a1_r24,rt_a2_r1,rt_a2_r2,rt_a2_r3,rt_a2_r4,rt_a2_r5,rt_a2_r6,rt_a2_r7,rt_a2_r8,rt_a2_r9,rt_a2_r10,rt_a2_r11,rt_a2_r12,rt_a2_r13,rt_a2_r14,rt_a2_r15,rt_a2_r16,rt_a2_r17,rt_a2_r18,rt_a2_r19,rt_a2_r20,rt_a2_r21,rt_a2_r22,rt_a2_r23,rt_a2_r24,rt_a3_r1,rt_a3_r2,rt_a3_r3,rt_a3_r4,rt_a3_r5,rt_a3_r6,rt_a3_r7,rt_a3_r8,rt_a3_r9,rt_a3_r10,rt_a3_r11,rt_a3_r12,rt_a3_r13,rt_a3_r14,rt_a3_r15,rt_a3_r16,rt_a3_r17,rt_a3_r18,rt_a3_r19,rt_a3_r20,rt_a3_r21,rt_a3_r22,rt_a3_r23,rt_a3_r24,rt_d1_r1,rt_d1_r2,rt_d1_r3,rt_d1_r4,rt_d1_r5,rt_d1_r6,rt_d1_r7,rt_d1_r8,rt_d1_r9,rt_d1_r10,rt_d1_r11,rt_d1_r12,rt_d1_r13,rt_d1_r14,rt_d1_r15,rt_d1_r16,rt_d1_r17,rt_d1_r18,rt_d1_r19,rt_d1_r20,rt_d1_r21,rt_d1_r22,rt_d1_r23,rt_d1_r24,rt_d2_r1,rt_d2_r2,rt_d2_r3,rt_d2_r4,rt_d2_r5,rt_d2_r6,rt_d2_r7,rt_d2_r8,rt_d2_r9,rt_d2_r10,rt_d2_r11,rt_d2_r12,rt_d2_r13,rt_d2_r14,rt_d2_r15,rt_d2_r16,rt_d2_r17,rt_d2_r18,rt_d2_r19,rt_d2_r20,rt_d2_r21,rt_d2_r22,rt_d2_r23,rt_d2_r24,rt_d3_r1,rt_d3_r2,rt_d3_r3,rt_d3_r4,rt_d3_r5,rt_d3_r6,rt_d3_r7,rt_d3_r8,rt_d3_r9,rt_d3_r10,rt_d3_r11,rt_d3_r12,rt_d3_r13,rt_d3_r14,rt_d3_r15,rt_d3_r16,rt_d3_r17,rt_d3_r18,rt_d3_r19,rt_d3_r20,rt_d3_r21,rt_d3_r22,rt_d3_r23,rt_d3_r24
1,1,1,1,1,0,0,0,0,0,0,0,0,0,0,0,0,0,0,0,0,0,0,0,0,0,0,0,0,0,0,0,0,0,0,0,0,0,0,0,0,0,0,0,0,0,0,0,0,0,0,0,0,0,0,0,0,0,0,0,0,0,0,0,0,0,0,0,0,0,0,0,0,0,0,0,0,13,8,8,8,8,8,8,8,8,8,8,8,8,8,8,8,8,8,8,8,8,8,8,8,10,7,7,8,8,8,8,8,8,8,8,8,8,8,8,8,8,8,8,8,8,8,8,8,10,10,8,8,8,8,8,8,8,8,8,8,8,8,8,8,8,8,8,8,8,8,8,8,3202,1908,2098,4300,1842,2964,2268,2466,1781,2045,2156,1727,1476,2698,4827,2617,2630,1768,1464,2730,1952,2499,2980,2058,4941,4620,1808,1945,1474,1906,2491,2033,2054,2673,1646,1566,1546,1478,1564,1807,1992,2444,1061,6521,2630,1529,1607,3199,3295,2512,2254,2035,2773,2481,3818,3137,2235,1988,1858,2328,2195,2231,2226,1834,2299,1746,1941,3044,2189,2234,1908,2753,5251,3144,916,1032,954,982,1137,1330,2166,854,867,1751,1056,1419,735,899,792,1361,1335,898,769,1209,1091,1182,3837,2806,1606,6532,2910,2260,2468,3075,2530,1994,4814,2124,2464,2069,2235,2626,2301,1484,1209,1268,2335,1531,1076,747,735,1450,1215,1153,850,881,1274,768,812,937,757,1020,681,670,1673,1388,1620,982,958,2476,1214,1789,1553,786
2,0,1,3,2,13,0,0,11,15,0,10,13,13,16,17,0,10,11,0,13,0,11,11,13,0,11,0,11,15,0,11,11,0,11,15,11,11,16,0,13,20,0,0,13,13,13,13,0,0,13,13,13,13,0,14,11,0,18,17,0,20,18,0,13,14,0,0,16,13,12,20,0,0,0,16,18,15,18,2,12,17,12,8,17,18,18,20,17,8,10,15,10,15,9,15,10,8,18,11,16,14,13,14,5,13,14,10,12,13,8,13,10,15,13,8,10,13,10,14,13,8,8,12,9,15,14,10,13,14,10,9,14,13,5,15,10,10,12,12,12,12,12,12,9,10,10,9,10,5581,2106,2892,2615,3307,3359,3240,2862,3312,4574,2865,2472,3245,2485,1924,3092,5717,2819,2369,2895,2372,5947,1945,3367,10161,918,5191,6055,3007,5209,10138,5600,7752,10963,11111,2754,7208,1768,2799,3091,2912,8639,6575,2841,5736,6541,3865,2473,4220,1994,2463,3528,2146,2350,5484,4609,3126,3879,10311,5383,6298,1673,4559,1387,1619,5555,5188,2085,2899,2326,2703,2220,2628,4457,2816,10744,4960,1723,2085,2109,3791,5468,10201,5354,7779,6037,10342,2661,9892,6427,11816,5942,8638,2606,2580,11432,9809,9109,3103,3810,4594,5294,7513,3802,7693,3448,10492,8735,5946,7093,8322,5655,4951,5695,5725,4375,6974,9992,10710,7285,10062,5136,8881,11478,6568,3198,11231,7515,4587,2271,9746,4274,4904,8699,6019,3444,5606,6476,5984,1652,3279,4574,5823,3111
3,0,2,1,2,0,14,0,14,13,14,0,0,13,13,14,0,0,13,13,13,0,0,13,14,12,0,13,0,12,0,12,12,10,10,3,0,13,13,10,0,13,10,13,13,0,10,13,0,10,13,0,0,5,15,16,3,16,15,5,16,5,15,3,5,8,15,5,15,5,5,15,5,15,5,15,15,13,12,12,12,12,14,14,12,12,12,13,12,12,12,12,12,13,12,12,13,12,13,12,12,15,11,13,11,11,14,15,10,10,13,15,13,10,10,12,13,14,10,11,13,12,14,12,12,16,12,14,14,14,16,16,12,10,14,12,12,16,12,12,16,16,10,12,12,14,12,16,14,2442,1597,1780,1486,1412,1267,1754,1637,1658,1334,1252,1915,4732,2075,1408,1371,1446,1329,1578,1492,3525,1125,3431,1578,8939,1710,3286,4989,4918,2201,6929,1207,2431,2097,2128,1211,2398,2654,1972,1702,1032,2343,1906,1479,4155,3558,5356,1066,1705,2791,1671,723,1793,2336,2420,1643,2244,1694,1608,3233,2484,2072,1742,2113,795,1727,2045,2406,1483,1061,1682,2276,2513,1212,1033,1766,1056,1026,1161,1009,1096,1012,1339,1417,1039,980,1087,1190,1008,972,1434,903,1552,1056,985,2301,2069,900,1258,1010,1113,1433,1698,1876,1357,1532,1326,1316,1923,1561,1401,2118,1767,1622,1289,2725,2152,1525,1458,1083,2460,2992,2259,2303,1643,1440,1455,2147,1852,1305,1365,2984,1463,1282,1168,6961,2401,1511,1333,1294,1214,1007,1532,1332
4,0,3,2,2,0,0,5,5,6,0,5,0,6,0,5,0,6,0,5,0,5,5,0,6,0,0,5,0,0,0,5,0,8,0,6,0,8,0,6,0,0,0,6,0,0,0,0,0,0,0,10,0,0,0,6,0,5,0,5,0,8,0,5,0,0,0,6,0,7,7,0,0,0,0,8,0,5,3,3,4,4,5,4,6,6,7,6,7,5,5,7,3,7,7,6,6,6,5,4,6,6,3,4,3,3,3,3,4,4,2,6,4,6,4,4,2,4,2,4,4,4,4,4,2,10,5,10,5,5,10,5,5,5,5,15,5,10,5,10,5,5,10,5,10,10,5,5,5,1517,1654,1317,2578,2470,1001,1178,1004,1035,2018,838,1595,2233,989,1766,3709,2710,1843,897,1544,1685,925,2654,1507,2374,886,3396,677,1494,848,8330,1206,5170,1138,3776,941,1710,1143,4131,841,9188,935,921,1012,3007,822,11288,931,1302,1430,812,1174,1853,801,1739,954,5123,755,1973,922,1840,1043,1628,1436,1595,1724,1230,2615,1454,1408,2274,1263,4398,2914,1082,1334,1091,1481,1199,940,2545,1386,1409,2515,5656,5148,1580,1404,4982,1140,1344,1524,2151,1595,3133,1059,4500,880,3994,2082,3380,4516,3533,1576,1398,9128,1650,1181,1932,1879,4666,4208,1461,1693,1571,4914,1720,2908,1642,1955,2690,998,2818,938,1007,1851,1047,891,4629,1033,1805,1002,1585,1089,1518,973,8687,2674,1042,1424,1301,841,978,3280
5,1,1,3,2,15,12,10,15,15,13,5,5,0,1,1,0,7,0,1,7,0,1,6,0,0,4,0,0,18,14,17,8,6,0,7,0,0,13,4,0,0,3,0,3,6,1,6,0,0,5,0,3,11,5,12,7,0,0,0,0,0,5,0,0,5,0,0,3,0,0,5,0,0,5,0,0,5,5,5,10,10,10,5,4,3,1,5,5,3,4,3,2,4,3,3,3,3,5,3,1,5,4,4,19,18,15,10,5,5,3,8,6,5,6,2,3,8,3,2,6,2,0,6,2,5,5,5,14,13,12,8,8,4,2,8,5,5,4,3,3,4,3,2,3,1,4,1,0,5284,8284,4311,2343,2044,4362,6253,3935,2361,3844,5530,3090,3746,3943,3387,1035,1761,2916,6923,4460,2957,3640,3651,2605,7239,11300,5455,2962,6232,6700,4129,2137,4901,6579,5535,1750,2307,8265,2856,1930,6928,5140,5779,7128,2548,2490,4333,7354,7371,5037,9653,3666,3531,3722,4153,5946,3220,7301,2047,2160,1765,2037,1610,1198,1841,2009,5894,1767,1962,1960,2078,1634,2911,2379,2202,3807,2235,2104,1614,1685,1580,1279,3417,2710,2128,1820,3157,2929,6282,1690,2260,2199,2903,6610,2671,1485,4409,2204,4365,2123,2030,1479,1831,2643,968,3561,4342,819,1421,1058,857,1204,836,992,1187,757,1156,1061,1028,985,5012,4221,2892,3297,2834,6518,1884,2730,4035,3319,2009,3591,4200,4331,1848,4414,2937,3157,3292,5229,5542,4519,3174,2765
6,1,2,3,2,0,0,0,8,8,0,0,0,0,0,0,8,0,0,0,0,0,0,0,10,0,0,8,0,0,0,0,0,9,0,0,9,0,0,0,9,0,8,0,0,0,0,0,9,0,0,0,0,0,0,0,0,10,0,0,9,8,0,0,9,0,10,0,0,0,0,0,6,0,0,0,0,12,10,7,6,10,10,6,5,7,7,5,8,10,7,9,10,10,8,8,8,9,3,8,10,15,12,9,8,8,11,9,8,12,10,9,9,1,9,10,9,10,9,9,8,11,9,8,13,11,5,5,6,11,15,6,3,11,10,8,10,9,11,8,11,10,10,0,5,11,10,8,10,4868,2589,1501,4092,4108,1975,1273,8490,5124,2591,1233,2439,2175,9681,2913,2017,6848,1380,1864,6708,1819,1658,4703,3659,3883,1965,1579,10109,2104,2118,2061,2097,1665,3077,1322,1662,1175,5275,4725,1492,2192,2460,1710,1582,1353,2071,1109,2181,3815,1219,1536,7673,8895,1519,1651,2086,11721,1827,1277,6646,1184,2745,1216,2413,2280,2436,1787,12481,1202,1209,3051,3852,6321,3750,3584,1888,3136,2670,2012,2949,2689,2110,1218,1274,2934,1488,2985,3454,4536,2601,3933,2514,2255,1022,2483,2126,1462,1303,899,766,746,1133,808,864,1261,2219,816,936,2912,1082,1496,984,2060,757,1061,1054,1542,735,923,1592,2127,1195,1046,994,1129,1874,932,1036,1318,1261,856,1580,1837,1172,1732,1198,6637,5079,8462,11586,1300,2967,7182,5043
8,1,1,3,1,0,10,10,18,20,20,20,0,0,15,0,13,14,0,0,0,13,0,0,12,18,0,13,0,6,0,6,9,0,10,6,16,0,0,8,0,0,7,0,0,6,0,0,6,0,0,9,0,0,0,7,10,12,12,14,0,0,10,0,0,0,10,0,0,0,0,0,10,0,10,0,9,12,10,12,10,12,13,16,17,10,8,10,15,12,12,12,10,12,12,10,10,12,12,12,12,8,1,6,8,10,12,13,14,10,8,9,12,8,6,7,7,1,7,9,5,11,0,6,7,0,6,10,16,16,16,16,16,4,0,10,4,2,15,4,0,0,16,0,0,0,10,0,10,2873,2480,1912,6679,2317,1633,1902,1573,1340,2533,1556,2233,4458,751,773,889,8054,6548,714,2238,4737,3964,2492,1679,4483,1479,1778,1579,1762,2180,1099,4832,1557,2101,1866,1538,1135,5636,3008,2221,2860,1995,1833,1481,1846,2112,1401,2562,657,3428,2169,1035,934,1007,1050,880,1025,2843,695,845,2666,973,1804,801,7178,1657,1804,1485,734,951,730,2332,2419,1817,1262,2180,2237,6786,5135,2989,4908,2181,2311,2532,1233,3441,5415,4299,1243,1756,2183,3576,3141,4534,3029,4087,4873,1064,844,958,3735,2533,1797,1527,1974,789,9140,3992,1908,2100,3448,7805,2031,9305,5348,3662,6253,3147,1528,2418,4251,916,1807,1618,2527,1761,1107,2505,2338,2005,3363,5583,3795,5058,2826,1234,1303,4118,773,1128,1572,1328,1352,1373
9,1,3,2,2,0,0,0,0,0,0,8,0,0,0,8,0,0,0,0,0,7,0,0,0,0,8,0,0,0,0,0,0,0,0,7,0,0,0,7,0,0,0,0,7,7,0,0,0,0,8,0,0,0,0,0,0,0,0,0,0,0,0,0,0,0,7,7,7,7,0,0,0,0,0,0,0,10,10,7,7,8,5,6,8,7,6,5,8,6,7,6,7,6,8,7,7,7,6,7,7,15,12,10,8,7,7,6,8,8,6,6,8,6,5,6,6,8,9,8,6,6,5,7,6,12,11,9,8,8,7,6,9,8,7,6,8,7,6,7,6,7,8,7,7,6,6,8,6,3338,1982,1769,986,1854,1234,2542,10244,2598,1566,1468,2199,1053,1503,1629,1002,3199,1006,1104,1158,1984,975,828,1136,1889,588,1148,534,633,577,1760,608,607,4130,805,516,644,546,964,1223,2334,1564,548,730,570,601,537,607,3198,1904,1917,1823,1754,1865,1878,3451,1759,1929,1751,2003,2135,1563,1761,1946,2650,1689,1818,1969,1853,1823,2049,1826,2762,1714,794,841,1481,859,1060,894,822,1130,1012,1361,978,882,999,1662,1221,769,968,1191,999,852,831,882,4297,1285,1587,989,820,1560,1103,860,875,830,759,885,898,870,1002,1167,722,1234,912,890,765,773,745,794,1806,1674,860,916,1306,802,959,839,1037,970,836,1124,858,890,894,840,881,1018,807,1060,777,829,998,831
10,1,1,2,2,0,0,0,0,0,0,0,0,0,0,0,0,0,0,0,0,0,0,0,0,0,0,0,0,0,0,0,11,0,0,0,0,11,0,0,0,10,0,0,0,0,10,10,0,10,0,0,0,0,0,0,0,0,0,0,0,0,0,0,0,0,0,0,0,0,0,0,0,0,0,0,0,12,2,7,1,10,1,12,0,13,10,0,8,12,0,0,11,0,11,0,5,0,10,10,7,11,3,1,1,9,4,4,6,3,6,1,3,4,0,4,0,1,4,0,5,0,4,4,3,15,10,2,2,10,5,2,3,1,7,3,1,1,7,1,0,1,1,4,7,1,7,0,2,1179,1114,948,846,1012,1136,941,1004,896,875,1650,2078,1442,1229,1224,1488,1953,900,1038,894,945,908,1870,1252,1725,2037,1764,2938,1790,1444,2898,6592,6009,2362,1969,3322,3785,2599,1771,6035,5377,4213,4294,1902,2604,2355,2538,1909,2169,2004,3437,1805,1439,1330,1672,2568,2268,1970,2128,2704,2066,1509,1429,1329,1948,2213,1415,1728,2501,1851,1570,2511,3454,4070,1618,4731,4968,5202,2761,1202,1440,2323,925,1901,2604,1477,1177,1643,1248,1309,3887,10984,5022,6148,2083,5599,4866,2078,1570,1873,2445,993,931,1835,1218,1968,3490,3123,6859,4347,1555,2794,6715,1253,2506,1434,2270,2250,2608,1698,2892,2093,1576,1385,1664,2990,1408,1890,2227,2068,2339,1359,2280,2992,1143,1944,1600,1424,1818,1295,1411,1813,3015,1522
11,0,3,2,2,15,6,16,5,18,3,14,10,15,9,15,5,11,5,16,6,17,5,20,6,14,18,10,12,15,1,16,3,3,0,17,1,16,11,17,11,16,12,15,11,16,14,16,16,1,17,1,17,15,0,16,0,16,0,16,0,15,0,16,5,17,9,14,5,15,5,16,8,17,0,9,15,14,14,12,11,14,13,13,10,15,8,16,8,10,10,11,10,17,10,18,10,19,15,15,15,10,15,8,10,15,3,15,3,10,4,16,2,8,8,16,9,15,5,17,10,12,17,9,14,10,13,10,15,13,14,10,10,13,10,15,10,10,13,13,10,15,10,16,10,15,15,15,13,1703,10624,2948,4942,8219,1203,1334,1563,1861,1284,2042,3463,5641,1842,3425,4412,1987,2567,1634,1795,1786,2674,4457,1947,1491,959,994,958,12,1056,1183,697,2356,957,903,1055,843,941,1083,862,8727,1354,1416,3898,2867,2145,845,860,4741,1920,1290,1580,1847,1528,2345,1005,1535,1177,1267,2448,1235,4854,1210,1099,1289,1409,1164,858,1185,906,1795,2747,2085,1448,2400,2609,1732,1569,1153,1184,2443,1328,1472,795,1650,3012,1562,1919,1435,1610,1790,1557,1757,1471,1420,3803,6268,1704,9537,3427,5531,865,2289,3143,2193,2835,2191,4416,1242,728,2287,1325,3154,678,4488,2356,1149,6712,2702,10530,3430,3265,5722,1611,1931,2977,3332,3289,7396,2977,4162,3372,3087,1828,4997,9667,1526,2875,3867,2736,11790,3648,5721,2498
13,1,2,1,2,0,0,0,12,0,0,12,0,0,0,10,0,0,10,0,0,0,8,8,8,0,8,0,8,5,0,0,6,5,0,5,0,5,0,10,0,0,5,0,8,0,0,5,0,0,0,0,0,0,0,0,0,0,0,0,0,0,0,5,0,0,0,0,5,0,0,0,0,0,10,0,0,11,10,5,5,5,5,4,5,5,5,5,6,5,5,6,5,5,5,5,5,5,5,6,5,10,5,4,0,6,5,6,4,7,4,6,6,5,7,4,7,4,4,5,7,5,5,4,4,10,8,6,4,6,4,4,6,5,4,4,6,5,5,5,5,6,5,5,5,5,5,5,5,3403,3063,2648,6926,1536,8263,2685,2412,3703,2473,6430,2116,3062,2610,1127,2819,1568,2167,2528,1935,1067,2503,1998,1505,7664,1212,1918,790,3456,1485,889,3842,1118,1214,5016,4866,1895,996,2493,1368,1561,1483,4304,1185,2678,3496,5242,2411,2467,2135,2629,2850,3355,2684,7594,6052,6511,1852,3657,2261,2277,1880,2003,1898,3217,2566,2997,6952,5065,8143,2962,2306,7183,3567,1592,2939,1699,2799,3741,1308,2824,2351,2717,1485,2001,782,1494,712,891,810,3432,3119,2429,2144,1816,1190,2805,777,4864,1690,2518,900,1463,766,3225,819,3353,2668,817,4975,1482,1940,833,1432,1145,4995,1341,1188,877,1095,3015,2488,1761,1098,4867,1810,2952,2359,4668,3227,2882,2168,2309,1585,2142,2686,7179,1920,2519,1072,1597,989,6018,1349
14,1,3,1,1,1,1,1,1,0,13,0,0,1,11,9,0,0,10,0,0,9,0,0,10,0,10,0,9,10,0,0,0,0,0,5,0,0,0,0,0,8,0,0,0,0,0,0,0,0,0,0,0,5,1,0,0,8,5,3,0,0,9,0,0,0,10,10,0,8,8,0,5,0,0,0,9,15,10,8,5,3,6,6,6,5,5,8,5,0,5,7,3,0,1,3,5,5,8,5,6,15,6,2,1,3,4,8,4,2,1,6,2,1,6,5,3,4,9,5,4,6,4,3,3,16,12,8,4,3,8,16,12,5,4,14,10,8,14,14,10,8,12,10,12,10,10,8,10,3478,2784,2478,1918,1724,2917,1590,3210,3865,2528,4063,1815,3637,4600,1752,4122,3418,6529,3778,3108,4242,1967,3019,1644,4009,3220,1171,1021,5346,3031,3992,2875,3591,2580,2293,2397,3175,2600,2495,2118,3058,2864,8804,3096,2481,2127,2605,3090,2318,1208,1835,918,1851,5520,7803,4359,1412,4645,2357,1657,3472,6042,4770,5662,3499,5929,1131,5637,997,6480,2070,2738,8209,2126,1216,1308,1446,1478,1466,1463,1438,1308,839,739,1057,933,1289,1208,964,1436,874,946,5400,2011,1067,877,6566,2431,1359,2001,975,942,879,1063,1319,1151,1195,1301,1239,1566,1156,2169,1095,1498,1119,1364,1133,1218,2246,1146,3349,861,864,744,678,714,969,857,712,817,945,1398,790,951,5059,1377,912,1078,1506,882,1724,1445,1134,1390
15,1,2,1,1,0,0,1,10,0,1,10,1,10,1,10,0,1,12,1,10,1,10,15,1,15,1,12,12,15,0,0,8,10,8,8,0,8,0,10,0,0,12,0,10,1,10,11,0,15,0,11,12,0,0,0,12,0,0,12,0,12,0,11,0,0,12,0,10,0,10,0,0,15,0,12,0,13,7,5,7,4,5,5,7,4,8,5,4,10,10,10,6,3,11,4,7,10,5,11,12,8,7,6,3,1,8,4,5,2,1,10,10,8,1,1,1,1,10,10,3,1,1,5,8,13,12,6,8,5,8,9,6,11,12,13,4,10,14,0,13,2,12,5,10,13,1,15,10,4169,2088,1051,1817,1434,4558,3035,7664,2289,1179,2364,2387,3737,2208,1600,2782,922,1977,5465,6198,2766,8254,6239,4257,2432,970,1331,1319,1322,5311,1387,1309,2511,1339,1317,3478,3100,3741,4059,3556,6573,4026,4051,6631,1200,3936,3597,5956,1998,1591,974,1327,722,802,2127,714,2265,1898,1189,1916,849,2667,2628,744,1947,869,2071,6144,1664,1551,1567,3340,3398,1895,2325,1589,787,774,1704,1801,1039,1159,2587,4359,3005,2913,8299,5638,3560,5712,3400,2162,4855,4095,5595,6115,2487,1047,2312,1716,943,1707,1344,3089,4357,3529,6267,2823,5216,2112,2102,1834,3588,5358,6099,9798,7497,2430,7771,3820,1978,1276,1420,890,1235,1426,3717,783,3369,1769,5535,4149,6991,1574,1199,4860,3789,4710,5332,6674,982,5025,1726,11267
17,1,3,1,2,19,0,5,4,19,18,19,18,18,0,2,17,15,10,6,15,18,6,1,18,19,0,1,20,13,0,3,0,11,14,15,14,15,0,0,14,13,0,0,13,16,0,1,14,16,0,0,14,10,0,0,0,5,10,10,10,15,0,0,10,15,0,0,10,16,0,0,10,15,0,0,15,15,14,15,10,5,10,14,10,13,15,10,5,20,16,10,15,10,13,10,15,15,14,5,5,12,14,12,10,0,10,16,14,14,16,0,2,10,12,0,2,16,14,0,10,16,14,0,2,20,19,18,0,5,15,11,17,20,20,15,10,20,20,20,20,20,20,10,10,20,19,17,15,2907,1456,3574,1964,2112,3002,4523,2700,3205,1306,2327,4678,3589,2507,2639,3171,2012,1388,4640,2111,2083,1524,2569,1511,1752,1164,3078,2308,1235,1133,1233,1328,1104,1188,1513,973,1163,1331,944,1051,1408,1179,1402,984,4791,1148,2185,1359,3521,1539,1516,2087,1761,3362,1848,1634,3984,1496,2595,1655,1982,1540,1675,3065,4783,1451,1653,3549,1587,1535,1622,1906,6596,3301,9446,6457,4885,12960,2969,4800,9506,6100,5208,10164,7464,6872,1809,3590,5841,11939,2755,6853,4279,11103,8240,9962,3050,1814,2142,2645,2221,2938,2847,2428,1886,3462,2367,2730,3076,2469,2866,2657,3078,9245,1745,2436,2873,2248,1979,2468,1752,1297,1521,1832,824,1611,12,1094,6748,1933,2109,1291,3909,2736,1323,1210,2500,1308,2237,8429,5749,1647,11795,3236
18,1,1,1,2,0,0,0,0,0,0,0,0,15,0,0,0,0,1,2,1,1,1,1,1,0,0,10,0,0,0,0,0,8,0,0,0,8,0,0,0,0,0,0,0,0,0,10,0,0,0,0,0,0,1,0,0,0,0,1,1,0,0,1,1,0,1,0,0,10,0,0,0,0,0,0,0,15,10,8,6,7,10,5,3,6,6,3,4,8,6,5,5,3,4,2,5,4,3,1,4,1,1,16,1,1,15,1,0,19,1,1,15,1,1,10,1,19,1,2,20,20,20,18,1,10,6,5,5,5,4,5,3,1,4,3,4,1,4,1,2,1,3,1,5,3,4,3,3,2625,3235,4455,3405,2983,3765,4292,3394,7194,3295,5975,4687,2822,10791,6111,5676,8311,8437,5999,5705,6283,7762,5314,4231,1445,1129,999,884,1400,1379,4181,1687,1290,2546,4924,1688,2069,1376,2278,2519,2741,2725,1396,1317,2036,1279,1458,1473,4265,3853,2164,2867,3295,2293,2394,3177,7682,4918,2406,3677,2136,1757,3721,2213,4371,2636,2692,3577,3006,2396,2623,2205,2137,2659,2419,2977,2426,3035,1611,2240,1752,7793,2246,5203,1512,2383,4672,1133,1722,11221,1498,1245,1398,2075,1297,1383,913,877,1499,1014,1189,1654,1000,909,1481,1347,803,2278,645,761,1685,1046,1484,767,1104,1579,1841,1477,1412,820,1446,775,1584,975,2619,907,794,887,854,1904,2013,1362,1602,1995,1012,2076,892,850,805,846,1814,2204,1905,2578
19,1,3,2,2,1,2,1,5,0,1,0,8,0,1,1,8,0,1,1,7,1,3,1,8,0,0,0,5,0,0,0,12,0,0,0,12,0,0,0,12,0,0,0,12,0,0,0,15,0,0,0,10,0,1,6,6,1,1,5,7,0,0,1,8,0,0,1,8,0,1,1,9,0,0,1,9,8,3,2,4,10,3,9,8,5,4,5,10,1,1,1,15,0,0,1,15,0,0,0,16,10,4,2,5,10,7,5,5,10,7,6,7,10,5,5,4,10,5,4,4,8,4,4,10,10,1,5,5,10,10,10,10,10,10,10,3,10,10,10,10,10,10,10,7,10,10,3,5,2280,684,734,861,1485,1011,1248,1351,2241,3766,927,1965,1279,3185,1075,1056,1357,1259,1196,1529,1508,1724,2193,1084,1185,765,863,807,849,1103,636,945,815,1082,969,982,705,918,756,1448,898,831,776,1145,679,658,873,1038,1264,1635,2030,3356,2986,2832,3689,8399,1303,1669,1740,1664,1175,1325,1395,1249,1825,1925,1998,2165,1418,1350,1366,1417,2147,1390,1699,1351,2709,4401,1095,1125,1850,5342,3093,1487,2447,3255,3925,2417,2539,2154,4122,2246,1836,2051,2554,1757,4412,3458,1750,4213,3595,8095,4892,2478,3604,5316,5619,2574,2729,1960,2500,2346,2123,2000,2222,3052,1763,3728,2134,3229,3118,1294,3927,2060,2544,4329,2759,2584,2946,2603,2892,1576,3041,2997,3060,5382,3786,2883,3809,5310,5684,3587,1372,4148
21,0,3,3,2,10,1,1,11,0,1,11,0,0,11,0,11,0,18,0,11,0,11,0,11,0,11,0,11,5,2,5,5,5,2,5,0,1,0,0,0,1,5,0,5,0,5,0,5,5,5,0,5,2,7,7,7,8,7,7,2,7,7,8,7,7,7,7,7,7,7,0,0,7,7,6,6,8,6,5,5,10,8,10,0,8,5,0,13,10,10,0,5,0,15,0,5,0,0,2,10,10,7,4,4,9,5,4,8,4,4,7,5,6,5,9,3,6,1,6,4,5,3,5,3,3,6,6,5,9,6,7,7,6,5,4,4,8,6,4,5,9,5,8,7,6,5,8,3,4450,1283,1206,1820,2442,4377,1344,2171,3498,2866,4200,10338,2235,7207,2591,3437,3498,2475,1272,2713,3928,2390,1366,2069,2292,1552,4085,2271,2485,2143,4237,3799,7092,2239,2847,3389,1817,1959,3763,2003,2426,2878,1814,3058,5246,4819,2294,2055,6020,1825,1696,1604,4246,2628,7685,4003,4433,1547,2418,2955,3966,2941,4286,1100,3369,5031,4757,4121,3406,4341,2253,1973,1005,963,1292,866,2697,1454,1725,1525,1272,1247,2112,2263,1445,6138,1417,3851,1933,1581,2271,857,4409,1416,5002,1568,8174,968,973,1183,876,1085,922,1190,976,3008,1013,1117,1952,1644,5124,2688,2283,4966,2493,6896,4939,3219,804,1015,1669,3223,1178,3902,6891,5699,6704,3652,6049,2293,7430,6713,6369,1622,3844,4586,5616,5716,8060,6848,3503,2241,1661,1448
22,0,1,3,2,8,13,12,12,1,1,1,1,12,15,1,1,1,16,1,4,1,12,1,1,1,1,1,1,13,14,10,2,2,1,1,13,13,1,1,1,13,15,1,1,14,14,1,1,14,1,1,13,15,1,1,1,1,1,12,10,12,1,1,1,12,1,1,1,12,1,1,12,12,1,1,9,14,14,13,12,10,9,7,7,12,14,12,10,8,13,12,10,10,13,12,12,10,10,9,8,15,13,14,13,12,11,10,7,10,12,12,7,9,12,13,7,9,12,12,7,12,12,7,7,13,14,13,12,12,10,3,7,12,12,10,10,10,12,13,10,10,11,10,6,13,10,9,8,4956,5659,5757,5416,2719,2991,2987,3641,6250,6296,3518,3329,3315,4884,3527,6458,7118,2946,3018,3138,3253,4158,2837,3376,3874,2451,3050,2215,1152,939,3614,1349,1914,1287,1718,798,1185,1613,757,1424,1621,1536,1523,1627,1308,1420,1331,1976,7067,1298,3005,2226,1703,1489,3503,1646,1945,998,1685,2033,4196,1753,1951,1566,1120,1484,1710,6569,1445,1425,3024,1427,5364,2240,4145,4481,6814,6636,4747,6827,2306,3245,4276,7595,2780,2075,2114,7336,1811,3383,3593,2607,2704,2870,4433,2000,3221,1242,1267,3528,1158,1664,2142,1538,2280,1010,2613,2504,2398,3463,4256,1420,3371,1642,2339,1866,1552,2200,2685,2032,5776,3644,2338,1891,6194,1443,3646,2230,924,2350,4603,4342,3983,2200,12,2810,2583,4486,3001,3184,3383,2695,1983,2703
34,1,3,3,2,5,0,3,0,0,10,0,0,0,5,0,0,0,0,0,0,10,0,0,10,0,0,0,0,0,0,0,0,12,10,0,0,0,0,12,14,0,0,1,12,10,0,0,15,0,0,11,13,0,0,0,0,1,10,0,0,0,0,1,20,0,0,0,1,20,0,0,0,0,0,10,15,13,9,8,7,6,6,13,10,9,9,8,9,8,8,9,9,9,9,8,7,8,5,10,8,15,10,9,5,5,8,12,10,8,5,10,8,10,8,5,5,9,10,5,3,10,0,5,10,15,14,12,10,10,15,16,8,2,5,15,15,10,2,3,15,12,5,0,18,0,0,15,17,4344,3921,11420,2113,3308,2331,3556,3328,2487,2395,1831,2185,4733,2811,6505,3870,2506,1885,2119,6365,1946,1437,2963,2703,2214,2729,2731,5577,3045,3893,2583,2084,1939,3530,3028,3065,2239,3002,5019,6020,9218,1734,6637,5042,2157,2802,2980,5319,2187,2257,3101,2684,2134,2715,2836,2175,2720,3327,2091,3318,3808,3283,3162,5627,3750,3399,2616,5368,3279,2682,3159,2596,7956,1633,3290,2572,2271,2741,4923,4352,2333,2612,1210,6030,7684,3588,2394,3611,6920,7463,2690,3340,7401,2439,2767,6231,4458,1013,715,709,769,826,1517,1040,864,835,930,699,1052,820,1111,916,750,1273,988,708,1073,893,796,1709,2172,2107,5830,4210,6186,5468,3752,5593,4171,5168,5005,4484,5298,3606,6980,8130,6382,5928,3978,6266,3899,3498,5295,4476
35,1,2,3,1,12,1,12,1,12,1,14,1,14,1,14,1,12,1,13,1,12,1,12,1,12,1,12,1,13,2,13,1,12,2,13,1,13,1,1,14,13,5,13,2,13,1,13,1,13,1,13,1,15,1,15,1,13,14,14,1,15,13,1,1,14,13,6,10,14,1,13,1,1,1,15,1,15,10,10,2,15,2,15,5,15,1,15,5,12,1,12,5,12,1,12,12,12,1,12,1,14,10,10,15,9,8,15,4,15,5,3,15,5,10,5,16,9,6,6,15,10,10,13,2,15,15,9,10,15,14,10,13,16,8,14,6,17,17,15,1,15,16,14,14,16,5,12,0,2269,984,1963,681,1398,962,1848,843,2386,1433,1906,1227,1855,1784,2452,1647,2290,845,3040,2919,2588,1781,2894,1712,3138,5483,7555,6203,5015,6493,3388,3217,4827,3931,8256,4029,2752,4969,4589,5786,3068,2905,4301,3759,4252,4257,3388,4148,4961,4543,6787,5684,4474,9435,10368,1328,2206,6859,2506,1711,3046,7286,6229,7363,2996,1245,6200,1823,1235,6651,3312,1536,1656,907,819,1082,876,683,948,710,1369,720,914,700,765,639,957,830,847,729,1773,680,2218,2379,1669,570,1452,4736,3825,904,861,1395,891,2091,2260,848,1484,948,1853,2853,845,1101,2444,1495,2766,3058,1383,1503,2118,2060,2156,3158,2039,7183,4638,1667,1095,1553,4994,5034,7847,4652,1321,6063,6229,8137,4157,6146,12,6147,1917,2621,3851,1387
36,1,3,1,2,0,0,0,0,0,0,0,0,0,0,0,0,0,0,0,0,0,0,0,0,0,0,0,0,0,0,0,0,0,0,0,0,0,0,0,0,0,0,0,0,0,0,0,0,0,0,0,0,0,0,0,0,0,0,0,0,0,0,0,0,0,0,0,0,0,0,0,0,0,0,0,0,16,3,1,2,1,1,1,1,1,1,1,4,1,1,1,1,1,1,1,1,1,1,1,1,14,7,6,6,5,7,4,6,8,3,3,7,6,6,9,6,14,12,14,2,16,0,13,14,13,7,5,6,6,6,6,7,4,5,9,8,7,6,5,7,6,4,6,0,13,0,0,0,3335,2142,2460,2690,1912,2059,1933,1672,2134,2112,2180,2358,1935,2064,2922,2605,2742,1963,2757,3158,1968,2266,2256,1960,686,896,731,754,1627,714,810,784,2718,696,954,1294,881,752,5795,3396,741,999,807,1008,686,1142,741,1283,1058,1039,1075,1514,1338,1292,727,1350,1392,2598,2479,1417,1283,1853,1908,2048,1637,1268,2937,1966,973,1018,1580,1856,2101,2398,1499,2043,1215,1559,1192,1275,1143,1235,1179,952,1046,1018,1596,1213,924,1190,1302,1292,1214,1480,1117,1253,4634,3428,5676,2333,1585,1222,1250,1325,2789,3402,2908,1248,5091,5661,3538,3690,1798,5613,3837,1940,6929,3438,2448,5964,6306,862,5185,2448,6404,2734,5351,7223,8969,2286,5536,2759,4233,1371,1447,6798,816,1415,2772,953,1665,949,4741,6594
37,0,1,2,1,0,0,0,10,0,0,0,0,10,0,0,1,0,0,10,0,0,0,0,10,0,0,0,10,0,0,0,10,0,0,0,0,10,0,0,1,0,0,10,1,0,0,0,0,0,0,0,0,0,0,0,10,0,0,0,0,10,0,0,0,0,1,10,0,0,7,0,10,0,15,0,10,12,5,0,0,8,0,12,12,5,0,0,0,5,3,2,0,5,3,4,5,10,0,3,4,9,8,5,4,5,3,5,4,8,8,0,0,0,1,5,5,0,1,1,9,1,2,2,8,10,5,8,5,5,10,10,10,0,5,0,0,10,0,3,3,1,2,3,3,2,1,5,1,7238,2626,1390,1993,1596,2564,1914,1416,2367,2137,2359,4963,2562,2679,2648,2727,1583,1809,2466,3498,1912,1480,1531,2620,2761,1262,3863,2131,1352,1984,1556,1198,1637,869,1418,1714,1002,1117,1293,3921,913,1163,1070,5082,5618,1113,2245,906,5526,2059,1265,1406,1277,1079,3023,8873,1107,2826,2626,2877,1213,1578,1559,1204,1165,1661,2399,1280,5772,8530,3746,3004,2205,1469,4062,1897,1261,1327,2678,1910,2557,1769,1954,2049,2246,1620,3528,3097,1974,2723,2708,4422,3544,2391,6251,3714,1818,1400,1429,1280,863,981,851,945,976,1865,1027,1005,1086,1049,971,952,998,1788,906,1527,1287,1030,976,892,9446,12177,9193,6042,4135,3293,8694,3468,6616,4139,3659,6300,6488,3148,3130,3367,3389,3474,4769,3448,3573,3154,5582,4761
38,1,3,1,2,0,0,0,9,0,0,0,10,10,10,0,0,10,12,10,0,10,0,10,0,9,13,0,10,0,0,8,8,0,0,0,8,0,8,0,0,8,0,9,0,9,0,0,8,8,0,9,0,0,0,0,8,0,0,0,0,0,10,0,8,7,0,8,0,8,0,0,0,9,0,9,9,9,7,6,6,7,7,6,7,6,5,7,6,5,7,6,6,9,8,8,7,7,7,6,7,7,8,5,7,8,6,6,10,5,7,9,4,8,5,8,9,6,10,10,10,10,7,8,7,8,7,8,10,10,9,12,8,12,8,6,10,12,10,8,8,9,10,10,8,11,12,9,12,1388,1521,1060,1013,1857,962,848,2659,1085,901,894,863,976,1649,2382,998,1378,779,2745,875,780,2549,842,2287,2329,2149,2239,1743,2338,1914,1587,1916,2021,2587,2219,2498,2717,2529,1492,4168,1377,2559,2151,2037,2843,2150,2216,1595,1801,1208,1109,2249,2338,1281,871,1067,1325,3422,1128,843,2434,951,1028,1378,893,1102,1197,1099,1259,2796,1087,978,3111,958,1078,938,909,2239,749,1265,1077,1033,801,836,1191,968,1634,1180,4541,891,813,952,2391,1055,1239,1308,3268,5856,3780,3983,4126,3189,2766,1968,1115,1253,3709,4823,2917,4004,1566,9851,1254,2165,2906,2436,2618,4133,4223,3458,733,1057,1195,938,1043,935,1097,855,1279,983,1347,1186,1035,956,944,1238,979,1217,1444,1414,1123,1098,1139,1286
39,0,3,3,2,9,10,13,7,1,3,2,7,8,11,3,13,1,1,12,13,8,3,2,13,12,11,1,1,10,10,4,10,5,2,5,5,10,11,2,3,2,8,7,10,1,3,2,10,11,1,2,8,14,14,14,5,6,12,12,12,13,12,14,1,11,11,11,12,2,2,12,12,13,1,1,12,10,12,13,11,10,8,8,8,9,12,13,10,8,6,8,12,13,8,8,6,13,13,8,6,10,13,12,10,9,6,9,6,8,13,12,8,7,6,8,15,12,7,5,7,10,15,4,2,9,12,12,11,9,8,9,9,9,11,12,7,8,8,9,12,12,7,7,9,12,12,7,7,3487,2287,2372,5414,2515,2479,3630,2275,9011,7320,4950,4146,1898,3115,2343,7518,3681,7164,2781,3249,5365,10146,1515,1920,2358,5495,4247,5228,1995,3408,2726,3103,2379,3637,3321,3493,4199,1968,2219,3883,2469,4489,2642,3091,4355,4112,5864,4493,3650,2761,2623,1987,1366,1957,1618,1734,2590,4633,2262,2678,1360,2854,2380,5522,1521,3100,1503,1481,1629,2221,3282,2507,4051,1310,1862,1352,2700,1867,1719,1538,1471,1740,1434,1548,1336,2210,2003,1836,1653,1309,1519,1408,1777,3807,1416,1395,1903,1735,1636,1907,1748,6095,1911,3098,3008,2539,1877,4062,2458,2008,2281,8273,1805,6814,3923,1968,4841,3126,2997,5733,3782,1430,1485,1301,1675,1166,1909,883,776,1154,1390,2590,1003,3126,885,2220,2717,2310,2286,3212,1281,2817,3083,2158
40,0,2,2,1,0,0,13,0,0,14,0,14,14,0,14,0,17,0,13,0,14,16,16,0,0,5,3,0,0,14,10,0,0,13,0,10,12,0,10,5,10,0,10,0,10,0,0,10,10,11,0,0,10,8,6,14,0,8,8,10,1,12,8,12,0,3,10,0,10,0,16,0,10,12,13,8,10,11,12,11,10,10,10,10,10,10,10,10,5,10,8,10,7,7,10,10,10,10,10,10,8,7,15,15,7,5,8,5,13,6,7,11,8,10,12,5,1,10,10,13,6,12,12,8,10,8,10,10,8,10,5,5,10,10,5,6,7,10,10,10,5,5,6,10,6,8,10,7,3146,801,6305,1708,6879,1675,2120,1391,8329,1182,1747,2956,3093,6204,3332,2186,3845,3284,3906,2287,2425,5550,6268,3167,2785,1975,3572,1769,1678,1851,2423,989,1681,767,1466,1541,1818,2685,4337,2413,4680,1310,6684,1692,2734,6343,1587,5744,6378,3599,9333,5121,1854,4119,7060,9266,2870,9008,3126,3881,3882,12,2514,5370,5648,5309,6398,4951,12027,3517,2865,5897,5154,3202,2765,2520,2500,2809,2604,4000,3267,2221,4007,3112,1995,2379,4956,4528,2346,4521,5657,4082,4040,2648,2482,2550,12549,10458,8377,3550,1898,3985,11295,9051,5382,6603,4862,2593,7143,5288,3125,7400,12083,12,7553,2471,2120,3084,10893,3134,9751,4047,3152,3183,2302,1754,2390,2539,1795,2335,3501,3696,3173,7688,2130,2801,1338,2961,1611,3523,2951,2092,2411,2185
46,0,3,2,2,0,0,7,0,0,8,0,0,7,0,0,6,0,0,8,0,0,6,0,0,9,0,0,7,0,0,6,0,0,9,0,0,9,0,0,5,0,0,8,0,0,6,0,0,11,9,0,6,0,1,0,5,5,0,0,0,5,0,0,7,0,0,6,0,0,5,0,0,7,0,0,10,3,4,2,5,4,3,4,4,2,5,5,4,4,5,6,4,2,5,5,0,8,0,0,10,5,2,3,3,4,5,7,3,2,6,2,4,8,2,7,7,1,6,7,2,5,7,6,5,6,4,4,6,6,6,8,4,8,0,6,8,0,7,0,0,0,10,0,0,12,0,0,14,4199,2466,2334,2638,3452,2034,2029,1926,4135,3385,2817,3311,3575,2045,2670,1588,1539,2410,1902,2248,1899,2759,6487,2323,3188,1591,7056,1872,1788,4447,1906,1749,2017,1834,2696,5429,1716,1986,2658,1790,2780,3776,3070,2596,2304,3328,1356,8756,2217,1288,1945,1280,2867,1548,1750,1840,1356,1374,1702,2811,2197,1946,1906,1866,2258,2289,2487,4771,2016,2950,3450,2266,8351,4059,3605,3878,3431,7181,3887,3776,9445,8096,4431,8377,7573,4601,5317,7513,4927,5494,8041,5945,6640,5631,4605,11974,2146,2311,2432,2177,2285,2176,2467,2215,2619,1822,1658,2232,2157,2279,1969,2564,2078,1928,1983,2217,2453,2455,6390,3309,1565,1304,868,881,920,858,2323,1092,799,5976,942,2173,1295,5446,2999,1533,1079,1205,1262,1313,3756,1302,1236,1858
48,0,2,2,2,0,0,0,0,0,0,0,0,0,0,0,0,0,0,0,0,0,0,0,0,0,0,0,0,0,0,0,0,0,0,0,0,0,0,0,0,0,0,0,0,0,0,0,0,0,0,0,0,0,0,0,0,0,0,0,0,0,0,0,0,0,0,0,0,0,0,0,0,0,0,0,0,5,8,1,1,10,1,4,0,7,2,0,6,0,5,0,0,0,0,0,10,0,1,0,0,13,2,0,0,1,1,0,1,0,0,0,0,0,0,0,0,0,0,0,0,0,0,0,0,4,0,7,3,5,2,5,2,4,0,6,5,0,8,4,5,0,8,5,0,0,0,0,6,3152,4147,3583,2680,3179,4140,3185,3693,3399,3308,2787,2993,3164,3766,2118,3185,4025,4242,6060,3023,3041,3110,2619,2607,1914,1163,1121,1926,1297,1468,1294,1116,1100,1383,1207,2302,1669,1110,1838,2232,1583,1566,2254,1948,1237,1323,1268,1129,1080,1238,1488,1927,1446,1441,1178,1398,1422,1529,1339,1292,1321,1419,1412,1212,1268,4303,5280,1228,2620,1653,1660,3035,5530,2697,827,1603,1029,923,817,1414,786,1594,1706,2329,904,3999,919,837,953,902,3149,4064,860,852,833,1685,5495,1905,2078,2015,2147,2790,1635,2143,2658,2716,1626,2119,2883,1953,1774,2185,2588,4236,2211,2287,2565,3095,2731,2869,5979,2233,1164,1223,1589,2469,1073,3153,1679,3005,1476,2477,2148,1417,2831,1765,3267,2431,1914,2434,1893,3196,2121,1503
49,0,3,1,2,0,0,0,5,5,0,0,0,0,6,0,0,6,6,6,0,0,0,6,0,0,6,0,0,0,0,0,0,6,8,0,0,0,6,0,0,0,0,7,7,0,0,6,7,0,6,0,0,0,0,0,4,5,6,6,0,6,5,0,0,0,6,6,0,6,0,5,0,0,5,0,6,6,5,6,3,6,6,6,6,6,6,6,6,5,5,5,7,7,7,6,6,6,6,6,6,11,4,2,7,3,5,9,4,4,8,4,5,9,4,4,5,8,5,7,5,5,9,3,5,5,10,4,3,6,6,5,7,4,3,10,5,3,7,4,5,8,2,3,9,3,3,6,8,1942,954,1749,5018,1316,1208,1257,990,853,953,1021,923,4911,8641,1013,1258,905,1366,973,2530,1051,1008,861,4861,941,963,1161,1395,5434,1182,575,2271,1100,2213,1218,1063,2554,1347,1319,1035,853,954,857,1225,881,849,733,1195,2739,2888,2229,4968,2432,2746,2661,1537,3141,3193,1876,1869,1978,1809,3447,2000,6552,1599,4034,2729,2162,1466,1227,2647,2164,2761,1568,1281,1560,1848,1735,2001,2723,5280,2992,3393,1923,1779,1671,1337,10612,2163,1821,1491,2519,1369,1461,1425,8588,4606,2637,8574,3043,2726,2244,7403,1477,4181,3763,2096,2093,1705,3657,3740,2551,3854,8474,2987,2064,4511,3023,2317,2720,1527,2339,3147,1567,2053,5161,1540,3039,1430,1874,1582,3683,1699,2245,2099,1245,1853,1779,1247,2010,1352,1681,3114
50,1,2,2,2,0,0,5,5,0,0,0,0,0,8,0,11,0,8,0,0,0,0,10,9,0,8,0,0,0,0,0,0,17,0,0,0,0,0,0,0,15,0,0,15,0,0,0,0,16,16,0,0,0,0,12,0,0,0,8,0,0,15,0,0,0,0,9,9,0,10,10,9,9,0,0,0,5,0,20,0,5,20,0,5,20,0,8,20,0,8,20,0,5,20,0,5,20,0,5,20,20,0,5,20,0,1,20,0,1,20,0,1,20,0,1,20,0,1,20,0,1,20,0,1,5,10,20,1,20,0,5,20,6,6,20,0,7,20,0,3,20,0,10,20,10,0,20,4,3229,3840,6075,1486,2170,5662,3040,1437,1869,3146,1024,7365,938,4660,5002,4963,9827,7932,7995,6175,2098,4644,981,4601,3291,3493,1458,2854,6411,3395,2840,1510,3706,1574,11995,7633,2574,4543,6790,8228,1431,4798,2238,6661,2997,4544,3103,2449,9666,6236,2513,3961,2987,1924,2260,5276,9042,5140,2591,2326,2612,2697,2286,3141,1436,3360,7724,2866,1992,4790,3028,3215,5250,8991,3441,2208,1734,2415,1758,2082,2419,1557,2077,2665,1559,1647,2278,1859,1364,2535,1739,2410,2904,2193,3925,2355,2631,2219,2929,2583,1629,1849,4079,2054,922,1855,1678,1657,2121,1747,6200,1913,1789,2189,3929,2259,1324,2830,2429,1670,6984,9062,4249,1140,1752,1947,2563,1807,1969,7474,7582,4073,1147,5231,1949,1764,1808,1639,1766,2108,3041,4789,1866,6795
51,0,2,3,1,0,0,10,0,10,10,10,10,10,0,10,10,10,10,0,0,1,11,10,10,10,0,0,10,12,0,12,0,12,10,10,10,0,0,12,11,10,10,10,10,10,0,0,10,10,0,0,10,0,0,10,10,0,10,10,10,0,0,10,10,10,0,0,0,0,0,10,10,10,0,0,0,10,11,7,5,5,7,8,9,10,10,6,8,8,10,10,10,10,10,6,6,9,13,6,6,11,7,5,5,7,8,9,10,10,6,8,8,10,10,10,10,10,6,6,9,13,6,6,4,10,11,7,5,5,7,8,9,10,10,6,8,8,10,10,10,10,10,6,6,9,13,6,6,2705,1472,1401,1377,1004,1914,1109,949,884,908,981,887,1422,865,1367,1526,1080,1113,1733,1461,1052,786,1226,1243,2984,2906,4156,7325,1868,4700,2472,2654,2612,4332,6364,3232,4380,4102,6948,4427,4232,1756,1840,3986,2991,2201,1652,1717,2351,1174,2682,3980,4747,6068,3525,3011,1130,1315,2341,1787,2692,886,1984,2741,1100,4050,1860,2105,2210,1750,3423,2807,3458,1738,1231,1855,2587,3715,2113,2227,2764,2311,1878,2145,2088,1814,2588,2513,2723,3758,1903,2163,1156,2748,1778,1464,4339,2830,2231,1431,1500,2094,2801,1785,1863,1740,2136,2558,2871,3912,1818,3620,4087,1615,3009,1750,5671,1061,1401,2639,2589,1706,1872,3435,1546,1466,1367,1256,3132,2957,2436,3034,3003,2974,3418,2866,4451,3183,1626,2569,3426,2864,2682,2629
52,1,1,3,2,0,0,0,0,0,2,10,12,0,0,0,10,10,10,0,0,10,10,0,0,10,0,0,10,4,3,2,0,0,0,8,0,0,0,0,9,0,10,0,0,10,0,0,9,9,0,0,0,0,0,0,0,0,20,10,10,0,0,0,0,15,0,0,12,10,0,0,15,0,0,15,10,11,9,8,7,6,5,10,11,10,10,10,6,10,10,9,8,10,9,10,10,10,10,10,10,10,8,7,5,4,3,7,10,8,6,5,7,8,9,7,5,6,10,7,6,9,7,6,7,10,10,8,6,5,4,8,9,9,8,6,6,8,9,6,5,8,10,5,5,8,8,6,8,2859,2518,1972,3269,7523,6172,3101,2728,2515,3820,2389,4267,2823,2706,1976,1526,3625,3476,2129,2364,2179,2441,5127,4846,4387,4709,5636,5896,2923,3650,6454,2798,4442,4959,4524,6490,3097,10685,2377,3829,5035,4971,3507,5391,7441,4601,2420,8424,2790,2782,3877,5948,1856,3831,4979,4723,2518,4377,3691,7218,8407,1782,2724,6821,3621,5313,4636,7388,7212,4030,4574,6368,3488,1902,7099,1548,1479,1649,3856,1550,3302,4682,4008,8022,1495,9811,8126,3023,1227,8994,1047,10137,6761,4108,2003,2292,3345,2709,1843,1095,2036,1717,1311,4385,1377,1626,4473,2676,1562,1555,2392,1911,2200,1954,1485,1740,1308,960,1135,1101,6289,2054,1420,1830,1403,2652,4155,3178,2479,2434,3185,2041,2286,2011,2587,2329,2012,2283,2033,1987,1833,1875,2565,3781
53,0,3,2,1,0,0,10,0,0,0,0,0,0,10,0,10,0,0,0,0,15,0,0,10,0,10,0,10,0,11,0,10,0,10,10,10,10,0,10,0,10,10,10,10,0,0,10,10,0,10,10,0,1,3,19,0,19,0,20,8,20,1,16,18,11,0,0,20,19,2,1,16,20,20,9,11,10,3,9,13,5,5,5,5,10,11,0,10,10,5,5,5,10,10,2,8,5,10,10,10,5,10,5,5,6,5,3,6,6,5,5,5,6,4,5,6,6,10,6,5,6,6,6,3,15,10,15,20,0,10,0,0,0,10,10,10,10,10,10,10,10,10,10,10,10,10,10,15,3212,2838,4045,2100,2305,1744,1054,1853,890,2450,1958,3301,3389,3506,1942,2455,4909,3895,1159,2520,959,2758,5134,4039,3268,1795,3722,1264,752,6189,2462,4147,1403,2727,2146,846,3332,2631,3177,1358,812,1068,2001,2154,2511,1382,1361,10372,9414,11633,6899,5352,12295,10473,9999,11311,8055,8000,9309,11595,9064,9473,9808,6568,7788,5371,8358,8448,7050,9276,6776,2747,5143,1188,1400,2142,2758,1426,4930,5061,3301,4658,2630,4528,2459,1464,838,858,2147,6220,872,836,3965,1591,5428,1510,6525,2937,3320,6836,2256,7495,5519,4663,5525,5142,4277,4831,2344,7349,3644,5631,4096,3050,3567,2102,2459,2801,3424,2660,6987,2677,3424,2583,1879,2253,2381,1934,1182,1251,3015,2446,1454,1537,1436,2247,1540,1929,1540,2458,2047,1693,1753,2739
54,0,1,2,1,0,0,0,5,5,0,0,5,0,0,0,5,0,0,0,6,0,0,0,7,0,0,0,8,0,0,0,0,0,0,0,10,0,0,0,6,0,0,0,6,0,0,0,7,0,0,0,10,0,0,0,4,0,0,0,5,0,0,0,5,0,0,0,6,0,0,0,5,0,0,0,5,5,2,2,2,6,3,2,4,8,4,2,5,1,6,4,2,0,6,5,5,0,5,5,5,1,0,2,0,5,0,0,0,10,0,0,0,0,0,2,0,0,5,0,0,0,0,5,0,10,3,3,10,5,5,8,5,9,9,15,5,10,10,10,10,10,0,10,10,10,20,20,20,1495,787,769,849,1800,603,811,638,839,969,593,1683,655,1308,727,874,783,686,827,741,795,1591,1983,3466,2429,2399,1761,1932,4828,2097,3939,1474,1818,1911,2833,2189,2545,4159,2171,4780,2241,1775,1575,1095,5999,2259,2108,4267,1078,2163,935,2867,1047,835,1085,1148,1604,2337,1865,1266,1540,2275,1218,2085,2669,1139,3286,4541,2604,4018,2003,1366,5130,2702,2870,5985,1936,3743,1804,9695,2860,8767,3913,4428,5554,1920,5806,2655,2006,1645,2081,4716,2107,4401,5211,3626,1442,1338,2104,1140,2871,1512,2864,987,2851,1532,955,1226,1048,1692,851,2432,5839,3982,2340,2370,2431,2573,2076,1542,4431,2127,1170,3271,2290,1627,2351,2529,8073,2869,3537,2543,3625,2811,2370,3057,2217,2873,4861,2411,2627,2769,3366,2374
55,0,1,2,1,0,0,0,0,0,0,0,0,0,0,10,0,11,0,0,11,0,0,0,0,11,0,0,0,0,0,0,0,0,0,0,0,0,0,0,0,0,0,0,0,0,0,0,0,0,0,2,0,0,0,0,0,0,0,0,0,0,0,0,0,0,8,0,0,0,0,0,0,10,0,0,10,1,0,11,7,0,3,11,5,0,3,7,0,0,11,9,0,3,7,11,0,0,0,0,3,9,5,7,1,0,1,0,2,0,1,1,5,0,0,10,7,0,5,0,2,2,0,7,0,9,5,8,5,1,5,0,1,1,2,1,5,2,6,4,7,10,8,5,1,7,1,5,10,2859,854,1629,695,720,589,6142,4493,4576,3837,1308,5560,2938,1815,1648,1509,1637,2046,8314,689,1445,1941,9055,8688,1016,1880,2797,1903,2044,3103,1908,3024,2941,2776,2050,2190,3112,2994,2724,2011,2016,2036,1909,2801,2139,1658,7003,2210,1475,1807,2266,1879,1695,1986,2057,2015,1743,2398,3087,9250,4601,7759,1926,2511,2546,2774,3118,3216,2865,2426,1579,6186,3565,1436,4959,1896,3223,1503,10094,7110,1416,5326,4323,4751,7317,12384,6549,2003,8144,7344,5666,2862,10079,1391,7345,5787,2268,2153,8493,1698,2621,3543,2078,3581,1749,3640,1330,2443,1847,1722,1881,1458,6817,6341,1698,9153,7915,1748,1592,12315,2724,4505,4048,5980,6207,6422,3391,3400,4694,3396,2535,8172,3855,10382,6703,10933,2811,2479,7023,6256,10177,4601,7867,10015
56,1,3,2,1,14,20,0,20,20,20,0,0,0,0,0,0,0,0,0,0,14,0,0,0,14,0,0,0,14,14,14,14,14,0,0,0,0,0,0,0,0,0,20,14,0,0,0,14,0,0,0,0,3,0,13,0,12,0,0,0,0,12,0,0,0,0,0,10,0,0,0,12,0,0,0,13,10,10,10,8,10,10,10,10,10,10,10,10,10,10,10,10,10,1,10,5,1,10,1,10,5,15,16,10,15,15,15,10,13,10,10,10,10,10,5,11,11,8,5,5,13,10,5,11,7,8,10,12,14,16,14,5,10,11,12,5,1,10,9,16,14,4,5,5,9,17,5,19,3365,4990,3542,1703,1100,1671,3038,5481,5776,3830,1416,1887,4862,2260,5433,2609,1320,1970,1585,12131,5964,1389,2508,9326,6776,1761,2663,1573,951,911,916,1148,896,833,809,870,893,987,1470,1068,987,967,724,1258,1259,1906,900,883,12846,2290,8743,6266,1681,817,3379,1620,951,8177,1344,795,6179,4295,3992,10063,739,3712,1866,4544,658,654,2960,5763,2675,3364,1926,5089,1491,1605,2649,3598,2249,3708,1283,1714,3554,2570,4681,2926,2063,2389,2530,5281,1458,3391,3283,6216,2381,2648,2135,2127,2264,2240,1396,1661,2472,2600,2428,1896,2474,1936,1066,2562,1585,1933,1210,3185,2958,1443,2343,2115,1643,1762,2357,2001,2503,2007,2652,2003,4237,2561,2948,2220,4724,2557,2490,2413,2198,2202,1832,3450,2215,2160,2939,7302
57,1,2,3,1,0,0,0,0,0,0,0,0,0,0,0,0,0,0,0,0,0,0,0,0,0,0,0,0,0,0,0,0,0,0,0,0,0,0,0,0,0,0,0,0,0,0,0,0,0,0,0,0,0,0,0,0,0,0,0,0,0,0,0,0,0,0,0,0,0,0,0,0,0,0,0,0,15,13,7,6,4,1,1,3,5,6,5,0,4,2,2,4,3,2,3,3,3,7,6,6,15,10,10,10,8,8,8,8,8,8,8,8,8,8,8,8,8,8,8,8,8,8,8,8,10,8,8,8,6,4,8,6,8,6,6,6,6,6,6,6,6,6,6,6,6,6,6,6,615,1239,640,646,506,633,704,737,614,683,660,815,593,1379,718,626,651,679,746,685,763,701,647,716,4599,2638,2195,2268,2245,2243,5063,2061,2167,2042,2002,2292,1992,2717,2295,2501,2021,2364,2236,2190,2162,2116,2522,2362,1613,1762,1584,1420,1909,1800,1835,1842,1816,1735,1786,1987,1835,2105,2084,1909,1882,2117,1825,1944,2145,2566,2294,2012,2861,1281,962,1565,2278,850,1214,1682,1101,3425,960,6068,3040,3470,3301,4385,1931,2838,4133,3244,2680,2917,3650,3534,6226,2697,3429,2315,2708,3260,3779,2477,2873,2956,3389,2415,2568,3166,2654,3194,3900,3166,3077,3048,3469,3782,4444,3457,8011,3588,3138,2594,2956,7934,2159,6528,3403,2492,2541,7792,2666,2444,3394,4413,1917,4596,4762,3978,2416,3691,3235,3851
58,0,2,1,1,0,15,0,15,0,14,0,14,0,14,0,13,0,13,0,13,0,13,0,12,0,10,0,10,5,6,3,10,15,9,7,14,5,15,1,17,5,9,9,14,1,5,12,1,3,20,1,15,4,8,10,6,9,2,10,8,12,0,4,3,8,10,15,5,7,0,5,2,4,7,6,2,12,10,8,10,12,10,8,10,8,12,8,12,8,8,12,10,5,10,6,10,6,10,8,5,10,8,12,10,8,8,10,8,10,8,10,8,10,9,11,12,12,10,8,10,7,10,9,11,10,8,8,10,2,4,6,12,4,12,7,12,10,12,6,12,6,6,14,12,2,4,6,10,1879,3429,1579,1768,1573,5389,1437,2335,1750,1735,1407,3361,1302,3650,2189,2670,2118,2656,2286,4207,2963,2805,1869,2797,8745,4519,1561,5412,4962,7458,4700,3678,3331,2368,2452,3871,4556,2525,3430,4588,4735,8077,3204,1947,5037,3746,1957,2488,3957,1470,2943,979,1874,2380,2676,2227,2546,3196,1594,1745,1502,4309,2000,4719,1576,1399,997,2767,1400,1016,962,1441,6613,2627,1858,3080,3344,9668,1231,4899,4370,4028,9401,9362,6330,5003,4039,11008,3515,4170,2152,3755,3099,3781,1488,4133,2013,1350,1074,1965,4980,2232,1890,1189,1887,1599,1658,2759,2235,2250,1044,1714,2515,2040,1718,7210,789,5020,1577,2043,2571,4671,6024,6059,8247,1157,3590,7809,5348,3998,1358,7528,12163,5228,1272,2497,3167,2955,8131,2758,2277,8235,1044,9538
59,0,1,2,1,0,0,0,0,0,0,0,0,0,0,0,0,0,0,10,0,0,15,0,0,0,11,0,0,0,0,0,0,0,0,0,0,0,0,9,0,0,0,9,0,0,12,0,0,0,9,0,0,6,0,0,0,0,0,0,8,0,0,0,0,8,0,0,9,0,9,11,0,0,9,0,0,8,9,8,9,8,8,8,8,9,8,8,9,8,8,8,8,8,8,9,8,8,8,10,9,10,9,9,9,9,8,8,8,8,8,8,8,8,8,8,8,8,8,14,10,8,10,15,8,9,8,9,7,8,8,7,8,9,7,8,8,6,7,8,9,7,7,12,8,8,6,10,8,3332,1940,1714,1787,2150,2717,2344,2063,2610,1012,2340,2017,2889,7324,3183,2130,1576,2820,1666,1766,1804,8580,1497,2080,1951,1773,1856,4237,2015,7316,1336,7490,7242,10875,942,6929,8714,4097,4781,4219,2952,6023,4546,1381,5059,8847,3072,3326,3214,1501,4729,4863,3114,1582,2743,5965,2257,2848,4485,7066,5240,4193,4103,1652,4120,3231,6176,2646,3984,8800,3591,4454,3191,1242,1231,1847,1404,1099,1269,1162,4419,1132,1065,3258,1126,1205,1214,1147,1280,1086,1176,1252,2022,1230,3116,1124,3302,2911,931,714,1177,2240,1712,952,1461,3114,2298,854,1420,1696,1630,3632,1385,11164,4400,3547,3617,6881,7578,3877,2513,10087,6456,8132,2821,2407,1775,4178,5149,6930,2191,6627,2766,4974,2755,5330,6410,11485,6143,4255,4222,4325,4394,6086
61,1,1,3,1,18,0,20,18,0,18,0,18,16,0,18,0,18,19,0,19,0,19,19,0,19,0,18,19,18,0,18,18,0,18,0,19,19,0,18,19,18,18,0,18,0,18,20,0,18,20,19,20,20,0,18,18,0,18,0,18,18,0,18,0,20,19,0,19,0,19,19,0,20,0,19,19,20,20,1,20,20,20,1,20,20,0,20,20,20,20,20,20,20,20,20,0,20,20,15,0,15,17,0,1,15,20,0,19,0,12,18,0,19,0,19,19,0,20,0,0,20,19,0,1,15,18,16,15,15,10,15,10,16,5,15,17,10,5,15,16,10,18,17,5,18,19,10,18,6475,1744,2138,2195,2326,2320,1572,2484,3082,2132,1728,1544,3386,2840,2219,1672,2638,2307,2462,1652,1801,1730,4062,2753,3583,1671,1580,3324,1523,2196,1913,1592,3802,3001,1417,2308,2302,3079,1235,2917,2386,2522,2450,1372,2127,1889,3300,2547,2105,1882,1845,1640,2121,1677,1353,1416,1581,1398,1419,1518,3821,1475,1788,1534,2145,1651,1433,1446,1615,1993,3048,3187,2685,1196,4043,1141,1871,4221,4208,2108,1264,1745,1609,3866,2696,2643,2485,2384,2488,2122,4501,2997,1764,2294,5671,1434,3427,3057,7903,3686,2363,1491,4338,1915,1263,3586,6300,1405,2106,1545,2540,2805,5429,5721,1927,6285,4299,4824,4827,3657,1149,1633,6144,4836,3142,3278,1795,2978,3114,3641,3654,1584,2126,2246,2526,5117,3537,1769,1822,2300,2782,1834,2965,3133
62,0,1,3,1,3,1,0,8,0,0,0,0,0,0,0,9,1,0,0,11,1,0,0,0,1,9,1,1,0,0,0,8,0,1,0,0,0,0,0,10,0,1,0,9,0,1,0,0,0,11,0,1,0,0,1,8,0,0,0,0,0,0,1,10,0,0,1,8,0,0,0,0,1,10,0,0,20,20,20,20,20,20,20,20,20,20,20,20,20,20,20,20,20,20,20,20,20,20,20,20,1,0,0,0,1,0,0,5,5,0,0,0,0,0,0,5,0,0,8,0,0,0,0,0,0,0,0,0,5,5,0,0,1,1,1,1,1,1,1,1,1,1,1,1,1,1,5,4,3280,2091,647,841,728,939,667,676,581,696,1379,705,651,590,616,846,589,672,656,780,766,737,1844,1984,999,3604,1353,1101,940,911,1376,1200,1178,990,1336,2067,1253,2666,932,970,2121,2210,1635,1038,1006,1520,1933,2128,1300,1513,2383,1054,8132,1820,1418,1614,1656,1511,1279,1256,1182,1316,1296,2265,1553,1480,1650,1529,1681,1305,1589,1630,2292,2585,2397,2572,4436,2489,2532,2209,2154,3615,2401,2047,2876,4264,4396,2361,2795,2159,2464,1816,3347,3094,1770,1764,4079,1852,2056,1909,3521,1921,2246,1998,2285,2041,2033,2158,2100,2160,1926,6387,3048,1568,1660,2527,1905,1972,1646,2001,8082,1340,1220,1346,1463,1575,3463,1733,1218,1611,1748,1856,1688,2635,1272,1847,2089,2027,1252,1292,1400,1191,1799,2625
63,1,3,2,1,10,0,0,0,8,0,0,8,0,0,0,0,0,0,0,8,9,0,8,0,0,0,16,0,10,0,0,0,9,0,0,8,3,0,0,0,0,0,0,0,0,0,8,0,0,1,8,0,10,0,0,0,8,0,8,8,0,0,0,0,0,0,0,9,0,0,9,9,0,0,9,0,11,10,12,8,9,12,8,11,15,12,14,16,12,15,12,15,15,6,12,12,14,11,12,18,5,5,5,5,5,5,5,11,5,5,15,15,15,5,5,5,5,5,15,15,5,5,5,5,15,13,11,8,5,9,9,1,16,11,8,11,11,12,8,6,8,6,6,9,11,6,6,11,3606,1802,2102,1414,2879,1420,1151,836,3106,1856,2351,2102,2358,1808,1445,2100,3764,1142,3422,3657,2166,1606,8476,1213,3177,1540,1154,755,967,853,769,859,12,1118,1360,871,924,795,637,888,799,1850,903,2184,794,1077,1168,1083,3781,1719,1126,1208,1204,1295,1115,982,2266,2224,918,1421,2417,2399,2183,3626,913,1195,1020,1159,1004,939,1018,2025,5243,3536,2693,916,1032,5643,6451,1971,3798,2273,3985,3124,2138,12,3716,4725,4291,3967,4441,5119,8343,3050,3289,6780,7673,9449,2019,2102,2399,4283,5316,2017,2436,6618,3891,2717,2194,3195,3345,4646,3732,6571,1880,4054,935,2631,2504,2144,1347,1905,1591,1284,1184,2482,2959,1273,1320,3325,1215,1271,2900,1659,2228,2790,1336,979,1654,1256,1457,3059,1497,2162
64,0,2,3,2,0,0,0,0,5,0,0,10,10,0,0,10,0,0,0,0,0,12,0,0,0,0,0,0,0,0,0,9,9,0,0,10,11,0,0,7,7,0,5,0,7,3,5,0,0,0,6,0,0,0,0,5,10,11,15,10,12,0,0,0,0,15,12,15,15,10,0,15,12,0,0,0,10,10,10,10,10,10,10,8,12,10,5,10,10,5,10,10,8,10,10,10,9,5,10,8,10,10,8,9,8,10,8,8,15,10,8,10,8,8,8,8,10,10,10,10,15,10,8,10,10,5,6,6,10,10,5,8,15,13,3,3,10,3,12,8,6,5,10,5,5,1,15,5,6175,1628,1931,1625,4261,1572,1864,3426,5906,1647,1643,4688,1722,1614,2010,1995,2014,2235,2274,1787,1648,2476,2031,1775,2611,1876,2675,2881,1709,3402,2704,1935,2036,1418,1668,1984,3270,2560,1645,2157,2668,3594,5163,1631,1800,1861,1980,5439,2310,2173,2531,1771,4749,1988,2907,2433,2109,2440,1368,2231,1571,4081,2825,2673,3180,1571,2185,2914,2656,1471,2347,3230,5990,3256,4822,5343,6493,2541,3229,1724,3809,2475,2607,6643,3149,4846,2721,2627,2893,3871,4870,4845,2703,1968,8486,4073,3741,4609,3250,1420,3063,2013,3049,1525,1707,1689,905,1593,1584,1571,1310,1334,1874,1559,1473,1508,2050,1581,1200,4103,7153,1466,2477,1006,3704,1768,1981,2873,2608,5806,2841,1813,1758,1448,2226,1912,2539,2400,1512,3554,2997,3283,7085,2147
65,0,1,1,2,10,10,10,10,10,10,10,10,10,10,10,10,0,10,10,0,10,0,10,10,10,0,0,10,5,10,10,10,8,0,0,11,10,0,10,10,0,10,10,0,10,11,0,10,11,0,10,0,0,10,10,10,11,0,10,10,11,0,9,10,0,8,9,0,0,11,0,9,10,11,9,0,9,8,9,10,11,11,9,10,11,11,10,10,11,10,10,11,10,10,10,10,10,11,10,10,9,8,8,9,11,10,8,9,11,9,6,10,10,5,11,9,9,9,8,8,10,8,11,10,9,8,9,8,8,10,9,10,10,10,9,10,10,8,9,10,9,10,10,10,8,9,9,9,10587,2154,2144,4622,2953,2946,8331,4205,5531,2759,2635,2746,1445,2981,3393,2383,1886,8707,3743,4020,5175,2584,2499,7683,9695,4740,4979,2327,6119,9534,2688,4242,1370,1209,1207,1405,1531,2620,3788,4190,3553,2424,1834,2482,6863,8585,6426,5200,4480,2703,1914,2446,1634,1541,2622,1861,2103,2069,1517,4242,2564,2990,4719,2270,8105,2810,5766,4225,3719,1672,2115,2525,1544,5012,925,1584,1289,1764,1393,3015,1561,1506,2531,6028,1507,2375,3444,6230,1681,2629,3466,3386,3153,983,1519,2198,4030,2034,1764,1839,1106,2262,2261,1523,1708,879,2123,1638,2298,2615,796,1817,1409,3268,4555,2329,2268,2514,2953,2419,4296,4609,5503,1069,2147,3105,5167,2822,2720,3511,5563,8820,2527,4025,4113,3241,1525,3459,6187,4445,5582,2176,4106,3857
66,1,3,2,1,0,0,5,0,0,0,5,0,0,0,0,7,7,0,0,0,0,7,0,0,0,0,0,8,0,8,4,0,8,5,0,8,0,0,0,0,0,8,0,8,0,4,0,6,6,0,0,0,0,0,12,0,0,0,0,0,0,15,0,15,0,15,0,0,15,0,0,0,15,0,0,15,8,5,7,9,5,9,5,5,7,5,5,7,6,5,7,9,7,8,5,6,5,7,5,7,10,7,7,10,5,8,7,6,6,4,7,4,7,6,8,6,8,8,6,7,8,5,6,6,7,7,7,10,7,7,7,7,7,6,9,8,10,7,11,7,7,7,8,7,6,8,8,7,3502,1760,998,1713,1741,3342,4162,2077,2002,1977,2524,1579,2096,2929,1981,3368,2011,1229,1504,1688,1828,1538,2221,864,841,2534,4973,3619,920,4416,1204,8291,844,1657,4905,5072,2625,7419,3087,5574,2581,3333,2590,2922,7328,4869,6844,5913,3953,3348,3684,2804,3085,5851,7714,4804,5419,11524,3456,3632,2854,3842,2470,3409,3348,2323,1775,2417,4807,2451,2734,3945,3549,3023,2476,1728,4586,3044,2069,2917,2310,2770,5360,2026,10208,2940,3230,2840,1916,1931,2400,2868,2042,2649,2090,2529,2329,5445,1766,1913,1684,2299,3131,7579,5777,4454,2444,2284,4366,6212,4920,2227,6453,1454,4271,2500,9202,3224,4664,4743,2683,3755,1320,2000,1194,2189,2509,2347,2706,3235,3918,2221,3220,2290,1255,2439,2059,1873,2110,1942,2371,1824,3505,2926
67,1,2,3,1,10,10,10,20,20,20,0,0,0,20,20,0,20,10,10,20,0,0,0,20,10,10,10,10,10,10,10,10,12,10,15,10,10,10,10,12,10,10,10,10,10,10,10,0,0,10,0,10,15,16,17,18,19,19,19,18,18,18,18,20,20,18,18,18,18,18,18,18,20,20,20,18,12,9,12,12,16,17,17,17,12,12,17,18,15,17,15,16,17,16,15,11,15,15,15,15,11,13,15,14,17,19,19,15,16,13,15,16,14,19,15,18,19,15,15,15,16,15,18,15,10,12,15,15,17,18,12,19,12,10,16,12,10,19,19,18,20,19,16,11,17,12,18,12,5967,9432,3097,7036,4788,2901,2576,4458,12,1765,4901,2724,8371,6049,7891,3096,4216,4621,10704,4918,4514,7058,6633,6281,3829,4780,2577,1712,4741,1912,6197,2166,5058,4849,1679,3360,7181,1510,6146,6140,8548,4744,1936,1335,2825,5251,8448,7045,1325,5104,4018,1815,2375,4679,5860,5211,3385,4182,6334,3534,3836,6250,4656,8583,6059,10374,4359,10572,4841,2861,2457,5409,2882,5294,2957,7730,7302,7403,4652,2669,8677,2389,5535,5167,3391,3700,5091,3470,3050,8496,4699,4341,2473,5018,3004,4016,786,2402,891,1700,1420,2535,2880,2087,2025,1165,1239,2869,1165,3423,1317,1117,1300,897,981,789,1561,802,983,756,6988,11413,2360,5246,6680,10832,10382,3553,3484,6544,7055,12655,2833,3860,4856,2947,3956,2576,1220,2442,2570,3522,1482,3868
68,1,2,2,2,4,0,3,5,10,4,2,8,4,0,0,0,7,3,0,0,14,0,9,12,3,0,10,7,0,2,1,14,6,8,2,14,2,1,0,13,10,0,0,15,0,0,0,14,0,0,0,14,1,0,10,9,10,0,4,10,10,0,0,8,0,0,0,10,0,0,0,12,0,0,0,10,10,8,0,7,9,8,5,3,10,6,4,6,10,6,5,5,8,5,2,6,8,2,0,5,18,12,8,10,12,15,10,14,16,10,10,12,13,16,15,11,10,13,9,14,16,7,8,13,13,9,7,10,11,11,7,7,12,10,7,10,10,9,7,14,14,6,5,14,10,3,10,18,5737,1820,2019,4086,3527,2730,2270,3096,2755,2408,3517,3474,4332,1074,2339,2316,3975,1728,5188,3269,2689,1633,3294,4965,2984,1565,2228,3117,2304,3058,2043,1898,3531,3096,2386,2590,1915,1476,1179,2068,2768,2553,1688,2112,2312,3680,2156,3003,6208,1177,4381,8293,9875,1062,12,1103,2673,986,3147,4267,1151,2641,1246,4397,2464,1233,5737,2570,1362,1409,4342,3065,3181,2566,823,2717,8303,1225,3346,1504,3130,943,1692,9212,2046,3013,1456,1551,1402,1260,927,5772,1113,951,880,1878,6486,1900,3555,2431,4166,1662,1910,1463,3915,1782,5021,3351,3952,2821,3712,1838,1995,1801,1388,4762,1590,1342,2975,4896,4770,4648,3209,1701,3587,3508,1844,1319,5053,3337,1126,2602,10380,5544,2372,2517,4295,2822,2648,5107,5611,1288,5300,2762
69,0,1,2,1,0,0,0,0,0,0,0,0,0,0,0,0,0,11,0,0,0,0,0,0,0,0,0,0,0,0,0,0,0,0,0,0,0,0,0,0,0,12,0,0,0,0,0,0,0,0,0,0,0,0,0,0,0,0,0,0,0,0,0,0,0,12,11,0,0,0,0,0,0,0,0,0,15,15,16,15,15,15,15,15,15,15,15,15,15,15,20,15,15,15,15,15,15,15,15,15,15,15,10,10,10,10,10,10,10,10,10,10,10,0,10,10,10,10,10,10,10,10,10,10,20,14,15,12,13,14,13,12,15,19,15,16,0,5,15,16,14,16,14,15,13,14,16,14,5259,2278,4904,1103,1165,1078,2474,1415,855,4490,1467,1128,6322,2777,2956,1360,841,1560,2285,2580,2203,4852,3398,3476,2360,1731,1334,1068,1081,999,947,856,858,1335,1143,1410,1606,2751,1065,1013,1105,1520,1405,941,895,992,1164,974,2913,2807,8053,2664,11924,4073,2360,3021,3223,1813,3614,1599,1438,1754,3531,1248,2375,3184,6975,2527,1266,4399,3033,2556,3300,1708,5549,2388,4244,2470,1934,2530,1711,3110,2077,2403,3140,2385,2791,1977,2986,2720,3714,2675,2759,2902,1910,3301,4761,3514,3514,3336,2798,2380,2271,2068,2525,2226,2395,2163,2632,5799,2245,2273,2421,2310,2229,2152,1935,2886,1966,2010,3911,1695,2749,2010,2389,2419,4801,2969,3422,2284,3923,2442,6251,5929,1565,1283,5527,1828,3890,3109,2760,3090,3399,5971
70,0,1,3,2,0,0,0,8,10,0,0,8,10,10,0,0,0,0,0,0,0,0,0,0,0,0,8,10,0,0,6,8,0,0,0,8,10,0,0,0,8,0,0,0,0,0,0,8,0,0,0,10,0,0,0,7,0,0,0,8,10,0,0,0,0,0,0,0,0,0,0,0,0,0,8,10,12,8,5,10,10,8,3,8,5,18,6,11,11,6,11,11,8,11,11,11,15,6,15,18,7,3,2,7,10,7,5,4,10,11,6,3,2,4,3,1,1,1,1,1,1,0,1,6,8,0,0,10,12,0,0,0,12,12,5,0,8,12,0,5,5,5,0,0,8,0,0,0,2405,1919,1639,2067,2822,1937,2025,2281,3930,2092,1686,2508,2620,2201,2227,2446,2195,2511,1716,1898,1916,2090,1904,2576,2863,1254,2326,4999,1099,1280,1524,1931,4535,1158,1296,1197,1368,1159,1394,1170,1431,1318,1381,5743,2169,1622,2634,2185,887,977,901,3002,871,1103,1121,1377,2432,889,1018,931,1623,1119,1063,1077,1003,1132,1255,1601,927,3240,912,3420,3093,3115,1191,1987,1538,5152,12030,1470,853,1784,765,6853,2589,4195,12,1439,1112,1226,1184,7708,1086,1373,1218,3458,1721,1010,1116,2430,1684,1693,841,1352,2221,2570,1078,1268,1717,2836,3834,1468,862,2024,1405,1618,2253,2831,3922,1861,4233,12773,3813,1787,2162,1699,5343,6904,2501,2175,7605,1918,2014,7815,2229,1761,3180,3888,1532,1873,1546,1581,2950,5365
76,0,1,3,1,0,0,8,20,0,0,9,0,0,18,0,0,9,9,0,9,0,0,9,0,9,0,0,9,0,0,9,0,9,0,0,10,0,9,9,0,0,0,0,9,0,0,9,9,10,0,0,9,0,0,8,0,0,0,9,0,0,9,0,0,8,0,8,8,0,0,8,8,8,0,0,8,20,5,20,20,10,10,0,5,0,0,10,0,10,0,0,10,10,0,0,0,10,20,0,0,5,5,20,5,10,5,6,10,8,7,8,0,8,5,5,8,10,0,9,8,8,8,5,5,20,5,5,20,5,5,10,10,5,5,10,8,5,2,7,6,9,1,8,0,5,8,5,3,1220,1124,919,3782,966,2044,2051,2883,4372,5274,7773,2310,3475,7348,1163,1965,2803,914,1701,3746,1283,6172,845,776,1389,1300,1708,7084,3968,1656,2286,3090,1178,1817,2591,1169,1698,1168,1083,2368,1225,1390,1107,1372,1896,1344,1485,1444,2292,1281,1559,2590,1425,1948,1273,1420,2466,1837,1635,1959,2156,1410,2253,2455,1564,1188,1543,1462,1515,1432,2631,3012,1785,768,2677,2105,3745,2487,3064,842,2708,2024,3896,2306,2823,1637,2817,2483,11090,1781,3339,1512,1688,3326,1439,1911,1540,3472,7775,1492,3096,1947,1455,2352,1910,4596,6503,1549,2755,2439,3821,4069,3966,2344,6435,5085,4035,4924,2157,6018,3492,1840,5697,2863,1859,1561,2038,10129,3476,8730,10191,10437,12169,10730,7711,7488,8498,7611,7027,3928,11651,2946,9085,7613
77,0,3,2,1,10,20,1,0,0,0,0,0,0,0,0,15,0,15,20,0,15,15,0,0,10,15,0,0,20,20,0,0,0,0,0,0,0,0,13,20,0,0,0,16,0,0,18,17,17,17,17,17,0,0,0,0,0,0,0,0,0,0,15,0,0,16,0,0,0,0,0,0,0,14,0,0,7,10,14,5,13,10,0,0,7,0,9,5,7,0,7,7,10,7,5,7,3,9,12,4,4,11,11,10,11,11,11,11,5,9,10,9,5,5,5,5,7,14,4,10,9,5,9,11,10,5,20,20,10,10,20,10,20,0,20,20,20,0,0,10,10,10,10,10,15,20,15,10,7263,4780,12901,1638,1579,933,1306,1217,731,948,800,1855,1277,3701,4590,892,3326,1442,609,1139,3364,3923,1428,1605,7067,4385,5798,1987,1167,2541,4591,3235,12123,1401,5658,7952,2276,2841,2096,2845,12875,3689,6516,10691,4760,6331,3998,6856,1885,1459,1512,2124,1220,1811,2216,2238,1680,1392,2341,1255,1949,5171,1463,1270,1956,2462,1763,2084,2636,3182,4749,1696,1161,2580,2576,2672,1905,8373,2105,2047,654,1370,1179,1411,3633,1084,2247,1633,3474,2828,2238,2222,1304,1894,7464,3797,2752,5403,3979,4178,5844,4884,4967,6501,3925,9083,12315,4370,4206,2078,4236,5081,4843,5866,2278,2206,5015,3682,6268,3609,2646,5364,2070,1539,4099,1369,1517,5310,3516,1122,2909,1459,5227,1016,1170,1752,4660,1557,1635,2648,1339,1967,8012,1419
78,1,2,3,1,0,0,0,14,0,18,0,0,0,10,0,0,12,0,12,0,0,13,7,0,8,0,12,0,0,0,15,0,15,0,15,18,0,0,0,0,15,0,15,18,0,0,15,0,15,0,0,0,2,0,12,12,13,0,10,12,0,12,0,10,0,8,0,10,8,10,0,10,10,12,0,8,10,8,7,7,9,9,9,10,9,7,9,7,7,7,5,8,9,8,9,9,9,10,9,9,10,8,8,5,15,15,10,10,15,10,13,10,10,12,10,10,10,10,12,15,12,12,10,10,15,5,0,9,9,10,0,10,13,5,10,5,8,8,10,8,11,10,12,10,12,13,10,10,2987,3598,2246,3060,2671,5344,1956,3355,3272,1817,5793,5786,3055,2755,8253,2690,3542,2058,5058,3523,4520,3660,3706,2254,4338,2026,2472,2172,5207,1999,6843,5034,1838,1999,4287,1721,3193,1847,3865,4815,2972,1290,4884,2706,3973,2052,2150,3925,4230,1053,1605,2025,1997,1284,5076,1906,1002,1315,1322,1968,2516,886,975,2351,2997,1483,1453,1880,1769,2579,4202,1461,8745,3990,4913,11472,3411,5616,6476,6127,5915,6530,5321,8266,4140,7496,3776,3667,2085,2961,3674,3256,6864,5507,9154,2631,2227,2027,9235,3551,6098,10966,1532,1442,1222,3647,1968,2383,1569,1331,1351,1360,1210,1979,905,1341,1434,2809,4108,3735,3824,995,2738,2725,1266,1359,1637,1572,5403,4907,1387,2767,1558,1087,5884,1729,1555,1662,2032,4449,1929,1184,1501,1895
79,0,3,1,2,0,2,3,0,0,0,6,3,3,0,0,5,3,3,2,0,0,0,0,0,0,0,0,0,0,0,0,0,0,0,0,0,0,0,0,0,0,0,0,0,0,0,0,0,0,0,0,0,0,0,0,0,0,5,0,0,0,0,0,5,0,0,0,0,0,0,0,0,0,5,8,0,2,2,2,3,2,2,4,2,2,2,2,2,3,3,2,2,2,2,2,2,2,2,2,3,2,2,2,2,2,2,3,2,2,2,2,2,4,3,2,2,2,2,2,2,2,2,2,2,4,3,6,6,4,3,7,7,5,10,5,7,11,6,8,6,9,7,7,6,5,7,9,12,7223,8825,6545,2601,2809,635,8755,3211,2743,2723,2741,5145,4351,3925,2324,2233,2772,4351,6218,4673,1920,9192,2747,2557,7315,6269,3395,4256,3243,5054,3260,3352,2898,3506,2581,2254,2278,4468,2082,2319,4044,4318,2535,2639,2807,2636,2870,8747,3586,2631,3528,4233,3220,3508,2403,3040,2681,4467,2580,7419,2669,2656,2962,3398,2773,3317,2666,3588,2639,3493,8311,3118,1826,980,652,736,1115,1256,1356,1926,1664,1536,1782,1824,1012,1268,1783,2610,1838,1517,1308,1503,1520,1224,1452,1419,5298,2608,3061,3691,3132,2277,2021,3733,4521,2753,2848,2734,6592,2585,1819,2310,2976,3511,2414,3034,3083,2592,2513,5331,4846,2442,2554,4116,1824,2101,1890,1698,2269,4391,2124,2396,4751,4112,6049,6429,1879,6616,5399,7075,6976,6115,5900,4785
80,0,1,3,2,5,8,6,8,4,5,15,6,20,6,3,6,9,10,15,20,2,4,8,4,6,4,7,20,10,10,0,0,5,8,0,5,8,0,5,0,10,10,0,10,10,10,10,0,10,10,10,0,10,5,10,10,5,15,10,20,20,15,5,15,5,20,20,0,10,15,15,10,0,15,20,3,11,11,11,11,8,8,11,10,12,15,10,10,11,11,12,15,11,10,12,14,11,8,8,14,17,13,11,9,7,6,12,9,12,17,8,9,12,10,17,12,12,9,13,15,10,9,15,15,10,10,10,10,9,7,8,8,9,13,11,10,10,10,13,10,10,10,10,11,9,8,8,10,4460,2677,2585,4016,3816,4884,6008,3316,3685,3137,3678,3110,3690,3300,4098,4431,2779,3539,2945,3688,3413,3839,3058,4374,7837,3877,1471,998,7575,2764,3639,4023,5893,12056,1472,6814,1026,2775,6976,3341,2759,5288,10726,1090,4358,9091,8642,5033,4750,11763,3044,11764,6939,10069,2580,2075,3671,9372,8909,8593,10812,5273,2786,2189,2263,3738,5689,9417,3668,11421,9819,4158,4672,2305,1226,2264,1475,5442,1915,3264,2727,1607,1470,4732,1744,4556,2256,1465,1967,2518,1584,1361,1558,1439,2642,4742,2734,1682,1246,3425,2053,3066,1635,1203,1589,5036,1473,1824,1454,1837,2971,3070,4216,5434,2230,1991,2779,4551,2515,2399,5288,2988,2295,4205,1459,2287,6648,2540,1828,2041,2072,2280,2287,4292,3521,4156,2887,2824,2341,2101,1494,4608,1804,2117
81,1,3,3,2,0,0,0,0,0,0,0,0,0,0,0,0,0,0,10,0,10,0,0,10,10,0,0,0,0,0,0,8,0,0,0,10,0,2,0,20,0,0,12,0,10,0,5,10,3,0,0,0,0,0,12,0,0,0,0,0,0,0,19,0,0,0,10,9,0,0,0,15,20,0,0,0,5,3,1,5,5,1,5,1,4,3,2,2,5,3,2,4,2,8,0,6,5,5,0,5,2,0,0,5,13,6,1,8,8,8,0,0,10,0,10,10,0,0,3,13,10,5,3,2,6,3,18,3,5,3,3,5,3,2,18,2,5,3,19,4,3,5,3,18,19,3,3,3,2761,1943,2281,2699,2921,2176,2920,2983,4330,2613,2345,2450,4228,3497,4658,3417,11306,5706,3671,8096,10781,3705,4789,2221,3548,2268,3380,1596,3061,1995,3918,2342,3803,4969,2467,5698,5432,4160,6791,5273,12779,7550,7945,10712,12,2719,6260,3815,3182,2375,1811,1589,3096,2260,2196,5339,5750,5572,8783,1785,3249,4687,7950,7087,5011,8830,6702,12926,9582,6518,9215,7029,3228,1583,1264,1462,2214,2479,3898,2008,1825,1134,1255,3438,2451,1291,2407,4686,1034,1862,1414,2118,3085,5572,2607,2741,6377,6182,6403,10096,5448,6890,8940,9522,9563,5962,2045,4980,5820,1980,9935,4630,8500,7143,5276,6645,6505,6819,3322,6791,4314,3256,5107,3335,4222,3371,3541,7732,6338,7148,5876,2133,4761,5734,6743,7986,5751,8633,7212,12390,9556,5274,7600,5497
82,1,2,3,2,0,0,0,0,0,0,3,0,0,0,0,2,0,4,0,0,0,0,4,0,0,3,3,0,0,0,0,0,0,4,5,0,0,5,0,0,0,5,0,0,0,0,5,0,0,6,0,0,0,0,0,0,0,5,0,0,0,10,0,10,0,0,0,0,0,0,0,0,0,8,0,0,3,3,7,1,6,1,3,4,1,0,5,5,1,3,5,5,5,5,5,8,1,5,3,2,10,5,4,7,2,5,7,10,5,5,10,7,8,7,8,8,7,7,7,6,2,8,8,7,6,5,4,6,4,4,4,4,3,5,4,3,4,4,4,4,6,3,6,3,5,4,5,4,3029,2147,5294,2174,3166,4365,10638,2809,2109,7111,2766,12,3348,2744,2623,2544,2232,2745,1624,2287,2157,1386,6409,1546,1517,2125,1482,1561,899,3346,5247,822,2258,2374,1989,2452,2081,2158,1814,2014,3136,1981,4762,843,2131,890,5010,2013,2185,1879,2924,1735,2470,1943,1772,1918,2052,2627,1975,3327,1756,3457,3530,2352,1769,2079,1057,1183,1348,1383,1720,1754,7730,2037,3461,1546,5383,3507,1429,3126,1368,1331,5412,1817,3096,1062,7198,2109,1796,1835,5117,2267,4068,990,4264,2887,3877,1587,3318,1134,1427,3558,3417,8435,1734,1018,2514,2028,1721,2866,3477,1415,5467,2413,4859,2597,2891,2124,4330,2017,1571,1046,985,1135,1018,1016,1026,979,2264,1119,959,964,900,1083,1476,954,1000,1011,964,982,910,968,1371,979
23,0,2,3,1,3,6,13,3,2,14,13,0,1,10,2,2,13,13,1,4,10,11,1,2,9,6,2,8,14,0,14,0,0,13,12,0,0,12,0,0,14,12,0,0,9,12,0,0,9,8,0,10,1,3,10,2,3,9,8,2,2,8,2,2,9,8,1,2,8,2,2,8,7,2,1,11,11,10,8,10,10,6,8,10,8,5,8,10,7,5,7,6,5,8,4,5,8,6,8,5,10,10,7,12,6,0,8,9,5,17,15,15,,,,,,,,,,,,,11,11,11,11,15,4,5,5,3,13,12,2,4,5,2,4,4,8,5,3,5,12,3,0,2848,2979,1515,3194,3558,1472,2357,1200,978,1439,1891,5410,2010,2232,1639,2814,3541,3064,4670,2875,2474,5153,2474,2197,9415,2252,3194,1709,2034,1636,1388,1379,2682,1476,1110,1499,6439,9326,2226,6787,6798,2888,3206,6522,4568,10087,5132,10765,4185,978,2004,2029,2763,1027,2024,2377,993,1492,2183,2150,2170,2409,1996,976,2160,2057,1943,949,2206,1613,871,1945,7800,3526,2534,5353,1946,2712,1744,3476,2366,1621,2379,2045,3425,2426,2887,1786,1615,3259,1636,5773,1776,2849,3769,1554,2550,1013,589,1321,1874,1224,2398,1872,2249,3113,5005,1254,3220,1174,1149,2159,3492,3604,658,685,2081,3701,908,1534,6669,2093,1672,1531,1962,1078,1695,3390,2203,1822,2766,1992,3275,1572,10954,9003,9574,2648,1431,3151,1438,2092,1168,1729
20,0,2,1,2,0,0,6,10,0,0,8,7,9,5,5,0,0,0,0,6,10,0,0,4,0,0,7,0,0,0,8,9,0,0,0,10,0,11,3,0,0,0,0,5,0,5,0,5,5,0,5,0,2,0,15,9,0,0,0,9,0,9,7,0,0,0,0,9,8,0,0,9,0,0,8,0,8,5,5,10,10,10,8,6,8,8,8,8,6,6,5,5,8,8,5,4,8,6,8,6,10,4,7,10,8,10,6,5,6,3,10,9,,,,,,,,,,,,,5,5,3,8,12,3,5,10,0,3,9,8,8,9,9,0,7,8,3,8,5,5,7,8,5847,1206,1063,2420,1702,1641,1415,1569,1185,1167,1479,878,1113,2389,1009,1178,1853,1098,1572,1014,1250,1156,1031,1210,5510,2485,2447,7155,1727,1912,3005,2151,1699,1536,4583,1597,2599,2610,1878,2379,2229,3367,1623,5425,1607,3921,3953,1999,2325,2162,2594,3003,1620,2134,1619,2013,1801,2275,2393,1916,1819,1711,1893,2317,2505,1450,1584,1258,1241,1463,2334,6043,4484,975,1643,2313,1193,3071,1735,4193,7550,2643,1646,2819,5594,994,790,1562,1386,2183,996,1277,3339,2187,8170,1486,2808,1261,3773,4876,3996,1754,3414,4782,2696,4747,1592,2043,1606,5516,6767,3001,1127,2477,3094,2405,2393,2501,3423,3572,3728,881,1161,6983,3848,5333,8965,1156,871,2113,696,1116,851,2899,830,760,805,992,1118,4591,4101,8096,1791,1867
7,1,2,2,1,0,0,0,10,10,0,0,14,0,0,0,0,10,0,0,10,10,10,10,0,0,13,0,0,0,0,0,20,15,0,0,15,15,0,0,0,15,0,0,15,10,10,10,0,0,15,0,0,1,0,0,8,8,7,0,8,6,0,0,0,8,0,0,9,8,8,8,0,0,10,0,0,7,7,6,0,10,15,1,7,10,1,10,1,,,,,,,,,,,,,8,8,1,5,0,8,6,6,15,15,5,5,12,10,1,4,8,1,5,8,1,15,0,7,7,5,2,1,8,10,4,5,9,7,7,2,5,10,5,0,2,9,9,10,5,2,10,7,7243,3502,4488,7489,6700,6962,2661,5705,6712,3598,4785,5082,4600,3471,4901,2447,5451,8197,6350,4875,4194,5515,2822,2381,3291,2267,2675,6235,7604,10243,3309,2962,6990,1655,2387,2510,1825,2677,2115,4568,5961,7121,3286,1863,1972,2125,1860,2234,5664,2888,3159,2573,4881,7897,3050,6152,7796,2371,2293,2268,2093,3039,5081,4011,5827,5361,4036,3520,3197,4166,2711,2823,5954,5218,5627,1421,1373,1421,709,1267,6451,1335,1548,1329,1137,7079,8919,1337,4819,594,1097,1300,1361,5077,2670,1434,4118,1924,1136,3032,2161,3115,1595,1766,2988,2600,2059,4422,3424,2404,1500,2577,3143,2840,2773,1934,1761,2234,2699,5735,4990,3199,9133,2749,4330,5074,2908,5673,3570,2830,5940,2714,2429,3079,2558,2953,2668,3907,4272,2768,2731,4121,3941,3770
16,1,3,3,2,0,10,10,0,10,0,10,0,0,12,0,10,0,0,0,0,0,0,12,0,0,10,0,0,0,10,0,0,10,0,10,0,0,14,10,10,0,0,0,0,0,15,0,0,0,10,0,0,0,10,0,0,10,0,10,15,15,10,0,10,0,0,0,0,10,10,0,0,0,10,0,0,0,1,11,7,10,1,11,10,1,7,1,5,,,,,,,,,,,,,11,7,8,7,10,6,12,5,11,11,6,10,9,15,14,13,10,10,12,11,6,13,14,9,8,8,10,4,1,6,0,10,6,10,10,7,10,10,9,7,5,9,14,10,8,7,8,6,1734,3106,4018,1075,1753,2103,1454,1237,1287,1915,1044,2045,1996,1590,3252,1295,6017,3975,8617,1341,928,2146,1121,2449,3339,2249,1292,1485,1798,1338,2694,1470,1425,1977,3394,2070,3280,3439,1612,1858,1557,3036,1736,1992,1798,2795,1536,1423,614,2188,1202,1024,2664,1074,1837,4245,8734,1829,1343,2079,5894,1185,1014,1255,3337,2163,1090,1021,1426,10718,1155,1661,11624,11524,12,5855,6332,3208,9289,12239,9091,6607,7834,4614,7327,3604,10454,6856,7968,2792,4046,2434,7236,6382,6976,5745,3736,2038,7155,2226,7837,6000,10603,3160,3515,2716,11832,2988,7405,9322,4149,7273,5682,8318,1863,3943,2280,5999,5002,7400,1000,915,2521,879,1308,1721,886,1346,1200,1091,1144,1994,1105,1080,1296,3119,2779,3673,1320,1151,1086,880,2861,1799
47,1,2,2,1,0,0,0,0,0,0,0,10,0,10,0,10,0,0,0,0,0,9,0,9,0,0,0,0,8,0,10,0,0,0,10,10,8,10,8,10,0,0,0,0,0,10,0,8,8,8,0,0,10,0,10,0,12,11,9,10,8,8,0,9,0,0,10,10,0,8,0,9,9,9,0,0,10,11,15,10,10,10,10,10,10,10,0,9,,,,,,,,,,,,,11,11,11,8,11,1,1,1,8,5,11,11,11,11,8,11,11,15,5,5,5,11,11,11,11,8,7,12,9,8,10,12,9,11,9,10,8,9,10,9,4,7,10,8,2,9,9,10,2583,1044,1360,1966,1920,1175,4135,1570,8083,1456,3149,1132,1036,2590,2248,1833,1831,1092,1210,1867,2760,1783,1358,1931,2112,1128,1466,1560,820,769,1437,1517,1705,1365,851,2072,1708,1417,1064,1259,1348,4592,1336,7988,1134,5378,1218,835,3627,10928,6571,1922,3010,2196,1951,2356,6926,8468,2265,2505,3163,2048,9906,2897,2198,2771,2112,2628,3443,3016,2312,4165,5493,806,2795,5017,2661,1617,1550,1942,2981,3817,5309,12,2726,950,1115,1739,8564,11952,10154,6077,2231,9721,2689,2463,10407,5330,12654,8153,4677,901,5209,1931,9620,4710,2846,5001,2323,4184,10721,6560,4799,5735,4014,6925,5978,1428,7391,3031,5166,2044,5428,1713,2292,4904,2095,1953,3774,1243,1641,4137,1844,7055,5826,5396,1674,3821,1650,2182,1464,1495,3412,3829
12,0,2,3,2,1,2,3,8,5,2,10,2,2,2,2,8,,,,,,,,,,,,,8,5,2,2,3,2,10,2,2,2,2,14,1,2,5,2,14,2,10,1,10,1,4,2,3,3,3,18,5,5,15,3,3,3,3,14,2,16,2,2,10,3,13,3,13,2,13,3,8,9,7,5,8,5,9,11,5,3,6,5,,,,,,,,,,,,,15,6,6,5,12,6,7,7,18,19,7,6,6,15,14,4,13,5,12,5,13,4,7,8,9,7,8,7,9,6,10,7,8,13,10,6,6,3,4,6,4,4,10,3,11,3,8,7,2921,1743,1147,1955,3585,925,2331,5120,819,924,1499,1582,852,2975,708,1007,1128,684,2004,2490,2268,1996,736,2216,7444,10999,3804,10139,5539,5354,5093,6819,7694,5708,5669,7249,6668,5317,12304,3850,3383,2502,2573,1575,2976,2650,4363,2066,3205,2613,4379,1639,4396,1953,4172,2225,2119,1846,2041,4472,2885,9241,2962,2819,2417,4002,5508,2153,5471,2516,8420,3367,3339,1149,1513,1335,1782,1277,1383,1427,1010,2145,1452,2546,1840,3991,1733,2854,1039,1863,2829,3943,2044,1387,1423,2412,5029,6195,1993,1029,3610,2379,2889,7369,2072,7088,2315,2688,1170,4063,2120,3118,1421,1926,1371,1846,1167,906,1084,914,1569,1336,1377,1358,1414,977,2378,988,760,1173,2904,1557,1880,1211,2711,1124,1007,1303,3213,1046,1067,874,1507,1212
24,1,2,2,1,0,0,0,0,1,0,1,0,4,0,4,0,,,,,,,,,,,,,0,0,1,0,1,0,1,0,5,0,0,0,0,10,0,0,2,0,3,1,2,5,0,2,0,0,1,0,0,1,1,0,0,1,1,1,1,1,1,1,0,0,0,0,0,0,0,0,0,0,0,0,0,0,2,0,0,0,10,0,0,0,0,0,0,0,0,0,0,0,10,0,0,0,0,0,0,0,0,0,0,0,0,0,0,0,20,0,0,0,0,0,0,0,20,0,0,0,0,0,0,0,1,0,1,2,1,3,3,4,1,2,2,1,1,4,3,1,0,3,2829,1056,1755,1160,1163,1106,1832,774,826,933,2798,798,772,4083,1096,708,1127,910,2191,2831,2152,2817,895,1983,3719,743,2542,956,1903,1898,841,1360,2506,954,903,1268,963,3176,712,1123,1083,1670,799,781,3519,2684,2358,1853,3128,2109,4373,1341,1144,1786,1091,1221,1462,1605,2007,1451,1579,2113,2757,2309,3807,2720,1826,1876,2005,1204,1744,1142,3604,2273,2195,2395,2164,844,787,1019,1040,1663,6506,717,1195,3149,855,759,3245,2101,1031,2067,1467,2356,1338,2496,2534,1870,2074,1321,1393,1013,3042,1172,1758,1360,1289,3089,2278,4079,2902,1423,1808,3645,1814,3761,3232,1914,1442,1658,2915,1055,1535,1315,1900,1128,919,1985,759,1956,1807,1264,1581,1352,810,984,1048,772,2790,1153,2046,783,2601,2593
83,0,2,2,2,5,5,5,15,5,3,14,3,4,4,15,4,,,,,,,,,,,,,5,5,4,14,2,5,2,0,2,5,15,1,5,12,0,6,4,2,0,16,3,5,5,14,5,0,4,13,14,6,10,5,10,10,8,5,8,8,5,12,1,4,12,3,13,3,3,13,12,10,9,10,16,10,8,12,9,8,12,14,,,,,,,,,,,,,17,15,10,8,17,13,10,10,12,10,10,16,10,11,9,10,14,13,10,11,11,13,10,9,8,9,8,8,6,6,6,10,10,9,9,9,9,10,9,9,7,9,10,9,12,7,8,12,2886,3809,1149,1936,2014,2846,2439,1061,1889,4117,3228,2366,3785,859,1471,3335,2682,2299,2902,4658,3006,5459,4186,1552,890,2495,1179,2691,2571,1910,989,1578,898,769,1272,2471,1284,1004,2652,1601,703,632,1562,1311,1295,2299,1015,1288,2139,4814,10344,2351,1909,1845,4865,1345,4735,9959,1551,3965,8874,8347,942,10439,9401,2217,2226,7909,2089,1510,3236,2105,2595,1617,743,1963,3101,1635,779,1027,2527,10620,1195,1630,1899,1919,2851,2848,2323,1294,2802,1146,2633,4530,1486,4194,3246,1835,1745,1073,1965,1354,1768,1399,1326,1870,2616,1479,1505,1348,2037,1281,2002,2310,1166,3474,2099,3648,2247,1612,4686,6018,4926,3619,3805,4398,3339,2292,4430,3306,3479,4259,5144,7448,2901,4214,6061,2714,2673,2796,3927,4606,3322,3241
86,1,2,2,1,0,0,5,3,0,0,0,0,0,0,0,10,,,,,,,,,,,,,0,0,0,15,5,0,0,0,0,0,15,10,5,15,15,15,15,15,15,15,2,2,2,2,0,1,1,16,18,0,1,0,0,0,15,18,0,16,18,8,8,12,8,8,1,15,2,0,11,1,11,11,11,11,11,1,8,11,11,1,,,,,,,,,,,,,16,2,18,16,2,17,16,15,14,10,0,0,0,0,9,19,16,15,17,15,14,17,3,9,13,5,1,5,16,1,5,5,1,1,5,11,1,16,16,16,1,5,11,8,13,11,5,1,2377,1986,1845,2066,4137,6549,3264,3186,2466,2759,2959,6562,5034,3189,2728,4280,6969,8842,3059,5731,7011,7573,3517,5211,3955,3754,2872,5204,3106,7958,3230,2627,2453,2212,4184,5783,3883,4605,5202,5573,4726,4415,7128,4193,3149,9202,3281,2940,5796,8383,7185,11731,10044,9300,8876,11079,4600,6577,11777,12430,11750,12701,12366,10453,7415,11142,7933,10505,12,7920,4905,5946,4469,3510,1830,1773,4544,2316,1960,11056,8530,8735,10529,9992,1907,1574,5918,3723,1472,1510,1247,12549,1981,4833,2115,11722,1494,1387,1673,1440,2535,1248,6909,1396,2710,1964,1021,3805,1147,1071,2105,2001,2681,1229,3712,5062,2068,6138,1087,1104,8061,3972,8591,5892,9508,10014,10673,12694,5262,5999,9572,10339,11436,12665,8743,11033,10029,5493,8728,9344,9187,4993,1306,3372
33,0,1,2,1,0,0,13,0,13,11,12,12,0,0,0,0,,,,,,,,,,,,0,1,1,15,1,15,12,12,12,0,0,0,0,12,12,0,0,12,0,0,15,0,14,15,0,0,0,12,0,11,12,12,11,0,0,0,0,11,10,0,0,10,0,0,0,0,0,0,0,10,8,10,5,10,12,5,17,15,17,10,9,8,10,10,10,20,7,9,14,5,7,6,10,12,6,6,10,5,5,12,14,12,6,12,8,6,12,10,6,6,14,8,6,13,2,12,8,13,11,15,10,4,13,11,13,17,14,13,12,15,10,13,9,15,10,7,15,10,15,15,13,3618,1024,2395,1040,4292,1798,4177,1520,1421,2163,1397,3286,2825,2989,7023,2774,3541,2267,2680,3674,3619,3664,11901,2193,2476,1181,1905,960,1496,1591,4145,1716,1142,1363,1368,1629,1017,2546,1166,1984,1765,2089,4991,1580,1607,2390,4978,1904,1419,1028,2308,5514,2715,2970,4099,4634,1443,2359,1425,1437,1452,2263,1435,1294,6323,2048,3213,1231,4103,2359,2160,2049,4377,4799,12914,843,5584,8570,2168,4119,3257,6322,2146,7175,6819,2461,6118,9994,1808,5874,6560,6442,6544,5929,1057,2980,2021,1266,2635,1991,1855,3707,2263,2958,2182,3426,1721,1073,1196,4037,2298,3150,2261,2332,1459,1502,4324,2375,2102,2747,9829,8766,10936,7661,3975,6894,6747,3122,1559,2788,3795,3511,4282,8828,4818,2880,1724,6488,3558,2022,5093,1502,5417,2869
25,0,2,1,1,10,0,0,0,0,0,0,0,0,12,0,0,,,,,,,,,,,,,12,0,0,0,0,0,0,0,0,10,0,0,0,0,0,0,0,0,0,0,0,0,0,0,0,0,0,0,0,0,0,0,0,0,0,0,0,0,0,0,0,0,0,0,0,0,0,0,10,10,7,11,7,7,7,10,5,8,5,1,8,2,8,2,2,2,2,11,2,1,9,2,9,9,3,6,1,6,7,8,1,8,7,1,8,5,6,7,7,7,7,7,7,7,7,7,10,9,8,9,8,8,5,7,0,8,8,0,9,4,0,7,6,7,0,8,5,0,6,0,2130,1398,1306,2212,1266,1338,1402,1410,1581,1458,1896,1760,1620,1612,1950,1144,1606,2089,1584,3546,1634,4282,1246,1268,2994,1957,1203,3673,2546,2670,2427,3226,2253,2751,2525,2687,2213,2610,2595,3436,3147,1783,2652,2409,3609,3452,1799,606,11435,3081,3458,3888,3061,3130,2160,2025,3056,3638,2520,2661,5572,2251,3138,2826,2878,3157,3445,1770,2675,2421,2389,2441,3665,8339,8076,1371,4196,11640,9066,1722,3758,3677,12751,2640,10936,12742,3823,2554,1558,3192,1384,2833,2354,3859,4824,3787,9090,6547,3911,5550,3394,1706,2572,1816,5833,1354,3375,2014,2636,2271,2845,1386,1495,2304,1987,1817,2310,1457,1638,1459,7147,3304,3438,4114,2549,5432,7625,7949,1738,5589,1885,3139,3643,2606,5395,2542,7019,9712,7284,1977,4322,1261,3356,2833
60,1,2,1,1,15,15,10,16,10,10,17,17,10,10,10,17,,,,,,,,,,,,,16,15,13,11,17,17,15,16,12,10,10,16,18,10,10,16,15,15,16,17,3,3,16,17,14,14,17,15,16,14,14,14,16,14,12,12,14,14,11,0,16,16,15,16,11,12,0,15,5,15,15,15,15,14,12,20,18,15,10,18,20,16,10,20,11,15,20,20,15,0,15,15,20,20,18,18,17,15,15,17,17,16,15,14,,,,,,,,,,,,,5,15,16,15,16,16,15,17,17,15,12,12,14,14,12,16,17,17,17,18,16,12,8,16,1363,981,1628,901,1698,2170,1542,1700,1885,2511,1969,1924,1712,3877,2948,2026,5176,3734,1599,732,1159,1082,1279,766,2642,3901,4576,3758,3118,3285,4137,5080,4927,3208,2385,3474,3146,1754,2561,3828,5550,3556,2420,3807,2041,3254,2469,1907,2640,2039,2595,4842,2269,2159,3914,3146,3043,3586,2834,2916,2743,3090,3259,3026,5151,2671,3178,3843,6699,7056,2195,5354,6159,7433,8426,2203,4427,4726,9407,4394,10449,4232,7262,7882,3285,1824,2583,3459,7721,5910,5062,6896,5908,3476,8566,3755,864,1013,1933,2724,1567,1650,839,2466,2225,2579,2865,1826,1235,2725,3143,1894,949,5663,793,1743,4225,7084,3768,3633,7113,7334,7739,9077,7848,4314,6454,7112,8096,8185,6584,7007,4007,3233,3293,8777,12932,3377,6274,7072,3555,7782,6439,8158
84,1,2,1,1,14,16,15,13,14,0,0,12,15,0,0,13,,,,,,,,,,,,,10,1,10,12,1,14,0,10,0,2,10,0,11,0,0,10,0,0,9,0,7,7,0,8,12,1,1,10,11,1,11,8,8,0,10,6,0,2,6,6,1,8,5,6,0,7,8,0,10,15,10,10,1,10,1,6,1,10,1,10,1,1,1,5,2,2,8,1,5,8,5,6,15,13,10,11,14,2,8,9,15,9,10,11,,,,,,,,,,,,,15,15,6,12,11,11,5,11,11,11,10,11,6,0,0,10,6,10,0,10,10,10,0,10,3551,2210,3539,1574,1746,1479,1784,1990,2148,1667,1139,2273,3677,4195,3737,1092,1798,2799,6232,1738,1422,1433,1671,1392,6502,2583,2478,3303,2946,7905,3537,6366,1954,4105,2838,4510,6744,2479,7061,2686,3144,1931,5281,2195,6308,3321,4900,4300,5079,2144,1321,5022,3766,6858,3219,1995,1507,2729,3051,1480,1537,1766,3766,1245,1662,1274,2048,2318,4036,1705,3291,7252,2217,2417,1757,1915,1892,3987,2086,3139,1788,3001,1717,3506,1961,2108,1680,1688,2565,2126,1787,2859,1969,5005,2230,5241,5358,1635,1373,1750,2140,1823,1775,1824,1508,5060,1884,1645,1708,1370,1911,1821,2176,1727,1874,2116,5182,2929,1727,1137,2823,1744,1376,2882,1316,1824,1421,1344,1308,1864,2503,2555,2052,3595,3133,7049,7009,2436,4836,3448,2992,3490,4408,4567
85,1,2,1,2,0,0,8,8,8,7,7,0,0,9,9,9,,,,,,,,,,,,,0,0,13,7,0,0,13,0,0,9,0,9,0,0,0,0,0,0,9,0,9,9,9,9,0,0,5,6,3,12,12,0,8,0,0,9,0,9,0,12,8,8,5,8,5,0,7,9,10,8,8,12,8,5,10,10,8,8,12,4,12,5,10,8,10,5,10,8,8,8,8,10,15,1,13,13,13,12,12,14,0,14,10,10,,,,,,,,,,,,,10,8,8,11,10,8,8,10,5,10,6,8,9,8,7,10,9,5,13,5,10,8,9,8,5666,1652,1624,8283,4383,3998,2671,2003,1596,3313,2567,2356,1364,2615,2872,2659,1743,7385,1635,5337,3081,1801,9000,2392,1175,887,1382,964,890,1045,1111,956,1202,875,902,819,1210,1420,1182,1021,1017,1212,951,802,919,878,1113,829,3569,4894,7206,8367,5228,2291,3064,2541,2404,4522,8311,4269,3118,5515,2782,2777,2077,3244,3507,9501,2156,2144,2229,2029,2497,4760,4569,1878,1639,1833,2407,3302,6154,3793,4013,1785,3376,3715,5108,7056,4631,1492,1594,964,2577,906,2111,1535,2175,6574,3695,3344,1169,3329,1254,3671,1107,1759,2199,2377,4163,1383,5601,2454,1957,2385,9152,2675,2729,4093,2423,3752,2090,3680,1503,1114,4771,903,4358,1748,923,1420,807,949,3479,1095,1387,1522,5080,955,1045,817,1306,1460,2860,1430
26,1,1,1,2,12,15,14,15,14,15,16,16,17,18,16,16,,,,,,,,,,,,,10,15,10,12,15,16,12,15,15,15,16,17,16,14,15,16,18,18,16,10,15,10,16,18,19,9,10,8,10,13,16,10,10,13,14,10,10,16,16,17,17,15,14,14,10,18,18,17,19,16,14,13,12,14,16,16,15,15,16,16,15,16,16,16,17,18,17,17,15,14,15,17,10,14,14,12,13,14,15,15,14,15,15,16,15,16,17,16,16,17,17,16,15,13,15,16,14,15,14,14,12,14,15,15,15,14,15,16,15,15,16,16,16,17,16,17,15,14,14,17,3003,2234,4843,2015,1723,2300,9317,4560,2003,2534,2063,2191,3970,6288,3607,11762,2367,1748,3794,3014,2705,3547,2300,1988,6615,9458,6683,2052,3078,3916,4920,1746,2020,2772,3662,2437,2341,3580,1446,3188,2130,2224,1786,4732,3241,5597,2728,1781,2734,1522,2943,1765,2342,4679,5703,1855,1399,4278,2787,8927,7411,5228,1922,1764,2220,5214,3193,3591,4093,4282,3971,2971,5335,3818,1043,841,2019,1469,1353,2320,1791,1791,1435,2169,1923,1778,1557,5602,1265,9381,5134,1625,1661,6052,2207,1428,1945,1928,1250,1483,1729,1667,1431,1420,1303,2817,1620,1537,1350,3443,1869,2497,2906,1513,3041,1423,1712,1740,1742,2134,2611,3952,2648,3075,2870,2533,3544,5234,1875,3191,4691,2995,1559,2444,1702,3262,1900,1855,2404,2656,1594,1753,2950,2615
27,0,3,,2,,0,0,5,0,10,10,0,0,5,5,0,5,0,0,10,5,0,5,5,5,0,0,5,0,0,1,0,5,5,6,0,0,2,5,0,2,6,6,7,0,0,6,2,5,5,0,0,0,0,11,10,10,0,10,10,0,10,0,0,9,0,0,0,0,0,0,0,9,0,0,9,8,8,0,8,8,8,8,8,5,5,5,0,8,8,6,0,8,0,6,8,8,10,8,8,5,2,1,3,4,3,5,3,0,3,7,4,0,0,0,0,0,0,0,0,0,6,0,0,11,0,0,5,7,5,6,9,3,1,6,0,11,8,0,3,7,4,9,0,4,0,5,6,4716,3515,1954,2108,2027,7124,3168,6590,2617,2085,2415,4606,2290,5236,3398,1692,3099,2482,2301,2714,2363,2566,4156,2472,1349,1717,898,1341,1065,5361,5066,1407,866,806,1677,812,658,1588,1013,3489,945,1195,1049,6644,2847,918,1015,1974,3390,3439,2798,4797,10466,4025,5161,7974,3883,2260,4715,4521,7115,6561,8408,6123,7368,8113,5419,10081,5983,3291,6731,5595,4115,2974,9452,2601,5998,3654,3233,6220,7610,4150,7126,7915,4610,3533,4939,3325,5786,11827,1657,3667,2692,3307,3343,5846,3494,1375,804,762,864,779,824,1770,1800,1221,815,1344,702,1064,916,1174,1093,793,984,916,820,940,977,1065,11547,3262,5375,6202,6649,4222,2917,2968,4194,6909,4689,3008,2014,2549,3314,6332,2903,6096,8442,3639,3377,6012,2372,4040
32,1,2,,2,,0,10,15,1,10,1,1,2,0,10,0,0,0,0,15,1,0,15,0,0,0,0,0,0,0,0,1,0,0,1,0,0,0,0,0,1,0,0,5,0,0,0,0,0,0,0,0,0,15,20,15,0,0,0,0,0,0,11,20,0,0,0,12,0,0,12,0,0,0,0,0,3,2,3,11,11,10,10,6,6,2,2,6,8,6,5,8,8,6,9,3,4,14,13,15,5,3,10,16,15,10,10,8,8,6,5,16,15,10,3,10,17,5,15,10,15,15,15,15,1,1,6,12,11,1,5,3,1,1,1,5,6,1,1,1,7,0,2,6,8,2,2,2,4403,3648,3614,4077,2060,2677,1337,1209,1848,965,2891,2265,1986,1793,1788,1934,2465,1899,1676,1704,2035,1660,1748,2047,5274,2430,1280,1504,1363,1093,3034,1003,1201,1216,1534,1807,6437,2386,2370,1978,2055,1784,1195,2273,2673,3029,2167,2161,3700,2805,3634,2805,1397,2058,2904,1632,1723,1649,2341,3224,1480,1406,2612,1858,2364,1363,2209,1749,2003,1520,1458,2547,3883,3233,4851,5126,2694,5198,2535,2181,2120,658,1640,2460,1791,3680,4779,3478,2608,3700,1968,4682,1467,2010,2530,2772,3826,1692,3906,2680,1230,1456,1314,1417,1635,1838,2454,1838,1889,1592,1596,1777,1114,1927,1328,1391,1094,1218,1083,3175,2286,3918,3257,2597,2317,1910,2025,784,2165,1912,2168,3210,2175,2130,3148,2431,2706,2091,3279,4725,2720,2274,3245,3232
30,0,1,,2,,9,9,14,10,13,10,1,12,13,12,13,15,13,14,1,0,16,13,12,14,0,2,0,7,9,9,15,9,10,15,9,9,9,9,9,12,13,13,6,5,3,3,9,12,9,5,3,7,8,8,10,10,11,10,12,0,8,10,11,12,12,12,0,1,0,10,9,11,12,0,0,8,9,12,10,14,12,13,14,12,10,12,13,13,14,15,14,10,9,9,12,12,13,11,8,1,2,10,9,9,9,10,10,10,10,10,10,10,15,14,13,12,11,10,9,8,9,10,10,9,9,9,8,13,12,13,12,8,7,10,10,10,10,12,12,5,6,6,7,10,12,8,4,4619,2451,3438,8123,4148,4390,10380,8520,5265,5788,7720,9492,7775,9976,12535,7085,4398,9527,7663,10311,9149,8303,10271,5202,5888,5903,2578,2841,1689,4184,2445,3210,2569,2450,2440,1790,2654,5466,4689,2305,1579,3069,5010,3521,8579,10140,9264,2561,3724,1597,1442,3165,2744,1387,5209,3111,1090,8235,2176,2312,2471,1917,4578,5501,2374,2531,2620,4556,2946,2150,4986,2476,5365,2578,1769,1598,4743,3543,2522,1433,1141,2542,4016,1319,1273,5380,3041,2523,5021,1472,1311,952,1097,7199,5356,1088,2171,1575,1831,2260,5224,4534,3558,1374,5995,2869,1811,3442,2843,6502,2677,2115,8320,3783,1762,1872,2283,2079,6291,2902,4386,9375,3103,2616,8901,2322,3088,1677,949,965,3238,2089,5082,4008,3260,2333,3494,3922,1327,3942,3004,5138,1485,3686
28,0,1,,1,,0,0,11,0,0,0,14,0,0,0,15,0,0,0,15,0,0,0,12,0,0,0,13,0,0,0,15,0,0,0,12,0,0,13,0,0,0,0,10,0,0,0,12,0,5,0,10,0,0,0,15,0,0,0,15,0,0,5,15,0,0,0,15,0,6,0,15,0,0,0,15,10,5,10,10,10,0,10,10,10,0,10,10,15,10,10,10,0,10,10,10,10,10,10,10,10,1,10,8,10,15,15,15,1,1,1,1,1,15,10,10,1,5,13,0,1,10,0,15,8,10,10,10,5,5,12,10,3,1,0,1,10,0,15,10,0,10,10,0,8,15,15,10,3119,1252,1172,2308,1169,1289,1056,4595,2119,2251,1413,1933,975,1145,4568,2035,1159,1468,1032,1961,1209,3595,1692,1244,4513,2201,4794,4014,5160,2120,5670,9462,3248,2562,3157,3052,1727,3277,9154,3509,2599,12722,10516,3341,3957,2436,2494,3276,1032,1025,1032,1521,1017,1191,1079,2383,1022,1008,1576,1087,899,1024,867,1076,960,2678,884,1068,1385,930,941,1438,2655,2073,2173,1016,2935,1457,1847,1046,3100,1236,7362,6503,1528,1424,5853,2677,7029,2271,6782,3401,5525,4807,5892,2657,12956,8699,5457,8570,9327,5598,5505,8064,5857,2037,5106,3498,12595,9657,5034,1971,1782,7005,4454,6012,10040,10892,7938,5189,2153,5580,3368,3965,4845,2303,4824,3461,4521,2117,3658,3119,2392,3794,3208,9819,1802,3297,6826,5469,6052,8022,8903,2412
29,1,1,,2,,0,0,3,0,5,0,0,0,0,5,0,0,0,0,0,0,3,0,0,0,0,3,0,0,0,0,0,0,5,0,0,0,7,0,0,0,0,7,0,20,0,0,10,0,0,0,0,0,0,10,0,0,10,0,10,0,0,10,0,0,0,0,0,0,0,0,10,0,0,0,0,5,3,5,7,2,5,6,7,3,2,8,8,5,7,3,5,0,3,3,7,5,7,8,3,5,6,4,6,5,4,6,4,6,5,5,7,6,5,7,6,6,4,4,4,4,5,6,7,5,5,5,4,5,2,3,6,7,5,7,3,5,7,6,7,2,7,2,3,5,7,7,7,1585,2300,3222,1129,2029,3213,1304,1269,1022,1156,1869,1569,1484,1647,2114,2743,2552,3556,2209,991,2960,998,2009,2688,3927,1936,1090,1181,1713,2128,1108,1342,1192,2526,1222,897,2007,1214,4314,1321,1663,1008,1020,1035,906,1550,947,1974,2788,6329,5433,1329,2089,5894,1532,8087,1345,2085,3381,1250,2202,4221,1767,2604,1901,2487,4873,2584,1375,2371,1984,3143,849,1038,785,743,806,832,1665,822,792,1471,784,789,1380,771,723,1688,1447,1126,2224,868,877,904,1536,730,1407,934,827,1121,3947,4155,862,4526,3943,953,872,2040,2468,774,5868,4762,5723,1079,1426,1040,7002,4150,7288,3604,1579,1123,897,2036,933,976,1457,1357,1106,1907,1247,1313,1059,2371,1799,3705,1105,1947,1242,2301,2967,1143,1175,3576
72,1,,,1,0,10,10,15,10,10,0,15,15,0,0,0,15,0,0,0,15,0,15,0,10,10,0,15,0,0,11,0,0,10,0,0,10,0,10,0,0,0,5,0,10,0,10,0,0,0,0,0,10,10,0,0,15,0,0,0,0,0,0,0,15,0,0,15,0,0,15,0,0,15,20,0,15,7,11,11,8,13,8,8,8,9,8,7,7,9,6,9,5,9,5,0,11,9,0,5,5,8,15,12,15,14,12,8,14,13,4,13,12,9,13,2,12,13,12,12,12,8,8,17,5,6,8,8,10,10,10,2,16,10,2,8,6,7,0,10,10,0,6,8,10,7,2,8,2656,4797,5505,12326,8754,7284,2830,4529,4273,4791,2476,3982,2810,2209,8134,3091,3690,3868,3305,1686,1883,5951,2361,5427,4684,2331,1153,3681,1726,995,6235,11092,3613,1804,1484,9879,803,2602,12,6593,5888,1028,6592,802,2599,2303,10756,1061,10381,12589,1644,1284,1880,2361,2090,6131,1439,2643,7343,5520,1856,5814,3276,1920,3601,2432,3326,2825,4393,4265,6279,937,1542,1193,1434,2028,3018,2785,3439,1171,990,915,940,1185,1146,1094,891,1513,3068,1273,744,1669,2893,956,1025,843,3979,2079,2734,1581,1863,1851,3318,1906,1605,1618,1306,1341,4254,3370,1662,1422,3203,2119,2407,1998,2003,1539,1719,1683,2280,3702,1475,2229,2752,2838,2284,4695,1701,1586,2311,1582,2920,4128,2001,2459,2191,2695,1037,2991,1563,1841,4461,1829
75,1,,,1,0,0,11,11,15,2,0,15,15,15,15,0,15,15,0,0,15,0,20,0,10,0,0,0,0,0,17,0,0,17,0,11,0,0,20,17,17,0,11,15,15,0,0,0,15,0,15,0,0,11,11,0,0,12,0,0,14,0,0,4,0,0,0,13,0,13,0,5,0,0,0,12,12,12,12,13,12,12,13,11,12,13,12,13,12,13,12,11,12,13,11,12,10,11,10,11,9,8,9,9,10,8,9,9,9,10,7,9,7,11,8,11,7,10,10,11,8,9,11,9,10,7,5,15,3,7,10,0,7,9,7,12,10,12,7,7,10,12,7,7,7,12,7,7,2456,5757,1700,1607,6920,12175,4686,5821,5502,2128,5702,4036,3565,5808,6252,2298,5257,8732,4963,4144,6188,6862,4608,1431,6611,3731,4445,9863,6548,4161,3980,4556,3955,6410,11436,5434,1401,2371,7543,9158,3438,5345,4851,2064,2739,4113,8728,2371,4284,8980,12776,6151,8760,6360,3303,3153,7188,3284,3125,12,2350,2751,6742,4992,10329,4738,2299,4033,2128,5721,3112,4579,1515,5040,1252,1623,1173,1020,8237,1897,2099,2090,1676,1913,2197,960,4301,1258,1776,11226,5967,1653,3582,1601,2582,2377,10606,3817,1850,1209,1495,3685,2626,8158,2008,2385,3674,1447,4496,2541,3981,8771,2542,2239,1442,4727,3948,2116,2806,9543,4305,5656,3222,5301,2231,3371,2588,2646,5322,4606,3338,2481,2348,3245,1324,3688,2046,5746,3513,3463,2939,2918,1920,2986
74,0,,,2,5,1,0,3,0,5,10,10,0,10,0,9,9,0,10,9,0,0,10,0,0,10,0,0,0,0,10,0,13,10,10,0,0,0,10,0,0,0,13,0,0,0,10,0,14,12,0,0,0,0,12,0,9,9,8,15,0,0,0,10,10,0,9,0,0,0,8,14,0,12,0,0,15,10,5,10,10,10,10,15,15,10,10,10,10,14,10,15,15,10,10,15,15,10,15,15,15,12,7,14,7,11,13,13,13,10,10,8,14,11,7,16,9,10,10,7,7,7,14,6,11,8,6,9,12,8,8,9,6,5,6,5,11,2,5,8,12,3,9,10,7,5,12,6,8605,7193,7845,8283,2690,12087,3607,6134,1071,12862,5155,10177,4019,4357,4745,2313,1661,3057,3199,1792,7815,2954,2376,3165,3946,3328,4554,4847,7018,11007,6759,3178,6346,3508,9308,9150,4140,11125,8637,3803,5282,1878,9095,7155,10975,5647,5195,2033,897,3254,2023,1278,2502,2508,2603,5798,1817,1816,5136,4136,6198,1785,2770,2756,2343,3679,3317,5110,1885,3071,2729,2946,2985,1708,1536,1103,1316,1604,1564,1305,1334,2564,1190,1574,2802,1587,1428,1253,3831,2803,1009,1371,6184,1150,1363,1087,6438,1842,871,3731,679,3732,1698,4225,3563,3268,8108,2785,1729,7092,3773,4717,5012,10731,4395,2085,2573,4431,3084,2298,4448,947,2351,3875,1353,1817,3394,2284,3752,1891,2023,2322,1624,978,780,4102,4442,3115,6757,6764,3632,3780,2384,4548
45,0,,,1,3,3,15,16,3,3,3,16,16,3,14,14,3,3,2,2,2,17,16,17,16,3,2,2,16,6,20,18,19,3,6,18,19,2,6,18,20,3,16,13,12,20,18,2,19,12,4,2,13,13,3,4,16,4,14,15,14,3,13,14,2,13,13,2,13,12,14,2,15,14,2,14,15,13,8,15,18,20,13,10,15,16,15,15,8,16,18,17,15,17,6,10,8,17,15,14,15,15,12,14,10,15,10,15,10,10,12,12,18,10,13,16,14,14,10,12,12,10,14,12,11,12,11,14,11,15,11,12,11,10,10,14,15,15,10,11,12,13,13,10,10,11,10,10,4157,1582,3619,1342,791,1661,1603,5329,1988,756,1940,1972,1763,2589,2134,1622,1495,1151,1733,2448,2890,5356,1739,2723,6079,1824,5418,3690,5857,3518,4236,7435,7267,3931,6847,2531,5586,3792,5775,6866,1935,7799,6153,3522,5393,5113,3039,3361,4923,7431,3578,5158,4334,1139,4234,2945,6441,1398,6858,2563,1397,3106,4125,860,2763,1620,3068,1868,4198,2552,1812,4828,8921,7368,2778,1642,1329,7708,6478,7566,6239,7617,2689,6402,3796,3800,1377,6338,4669,6609,2666,4574,5149,4501,1559,7955,11408,5796,4692,3210,4455,5311,7138,1912,2610,6390,7266,9918,3487,1418,2199,1535,3292,1829,7407,3036,1731,6545,5532,4231,1583,1074,1244,2195,1664,2426,3030,834,1088,6479,3284,5918,3710,3011,3170,5725,4910,6029,3753,3446,2442,2705,1444,2113
42,1,,,2,5,1,1,8,8,5,8,8,3,1,1,8,1,0,9,9,7,9,8,0,9,9,9,9,10,1,1,1,9,1,1,9,1,1,9,10,0,0,9,0,9,9,7,5,3,0,9,8,1,1,1,1,4,1,1,1,4,0,0,3,6,0,0,3,0,4,3,9,0,7,7,7,20,11,9,8,8,9,7,7,8,8,7,8,9,8,7,7,7,7,7,8,8,7,8,9,9,9,2,1,3,5,3,3,5,4,1,3,3,3,1,3,3,3,7,6,5,4,5,5,10,7,9,3,9,5,6,6,9,5,3,9,9,6,3,5,5,7,8,6,7,7,7,9,3213,2306,2410,3509,2247,1551,2740,4484,998,1102,4932,945,5544,2718,2661,2253,1529,3260,955,2985,926,1165,1745,1329,3224,1163,1871,1762,3044,1645,1845,3534,2786,2345,2463,4016,3060,2138,2683,3370,2469,4442,2047,3058,12,3242,2822,3129,3266,2443,2619,2776,2273,5353,2127,4484,3617,7400,2466,2983,1749,1618,7531,3647,3241,3037,3219,2701,1731,6645,2400,2578,1690,1875,1479,1812,3704,1912,1570,1803,2217,1758,1685,2400,1493,2108,1469,3702,2121,1652,2425,3581,1300,2215,1904,735,2531,2151,1098,1932,1011,1396,1928,1377,859,897,2790,2226,1802,3326,1545,1501,2994,2314,1139,2823,1300,1171,2210,1581,2916,1034,823,807,998,820,843,1003,832,724,3426,684,1165,1400,861,1108,843,2955,1794,898,943,810,883,695
41,0,,,2,10,12,7,6,3,1,0,0,5,5,5,0,0,1,5,0,4,0,0,10,0,2,9,0,15,15,5,5,1,1,2,0,10,9,2,0,0,0,5,10,5,5,0,0,10,0,0,10,10,5,5,1,1,0,0,5,6,6,0,0,5,8,8,8,8,0,0,10,10,0,0,10,16,17,18,18,15,10,9,6,4,17,14,5,6,18,5,10,19,14,4,8,15,5,3,5,15,15,15,10,10,8,5,5,5,10,10,8,5,5,5,10,10,8,5,5,10,9,5,5,19,18,18,17,10,8,7,5,5,8,8,8,8,6,8,6,8,7,7,6,7,8,8,6,3640,2394,4144,3803,3600,1974,2096,1931,2032,1943,2086,1705,2253,1674,1659,2222,7294,2470,2425,1499,2119,3529,5903,2795,1257,2180,1325,914,2196,1015,2545,3085,3180,2255,2016,3519,2425,929,3170,2475,946,3937,1973,2688,3286,3401,3419,1881,938,4415,857,1199,869,1022,1338,4309,1825,1691,5452,1547,900,5433,8230,944,1575,974,1741,6975,2075,936,1702,6314,2771,3152,1928,2081,1354,2049,1444,2349,1427,2138,1824,1657,2044,3327,2563,2439,3155,3895,2392,1612,2391,2550,2798,2787,3224,2080,1956,1803,2862,4684,1400,1774,1996,2249,3326,2362,2586,2198,2239,2929,2572,1885,7336,3436,2772,2034,3573,5101,3215,2679,2267,1948,1785,3071,2062,4138,2141,2520,2680,2566,2680,2265,3766,1573,1994,1552,2268,2461,1893,1924,2605,1668
43,0,,,1,0,10,10,10,0,0,10,10,13,0,10,10,0,10,10,0,10,0,13,0,10,13,13,10,10,10,10,10,0,0,10,10,0,0,10,10,0,10,10,0,10,0,10,15,10,13,10,10,10,10,10,10,0,0,10,13,0,0,10,10,0,15,16,0,10,0,15,0,10,16,0,10,7,7,10,8,12,9,0,9,12,3,1,13,11,3,11,0,13,11,12,12,7,1,4,7,7,12,10,10,13,7,7,13,12,12,10,11,0,10,12,14,7,0,8,13,8,13,1,12,13,7,6,13,11,9,13,10,11,13,13,10,1,0,10,0,13,0,15,5,13,15,13,0,4437,2301,1604,2414,1494,2262,3500,3125,5251,2707,1874,2884,2390,3698,2852,1907,2429,2409,2880,2387,2928,2659,2820,3754,2023,1872,2068,1737,871,1685,1525,1886,1665,4152,2037,1979,1062,2265,3214,4081,1519,1453,1988,2250,2010,2652,3166,1818,7619,1992,1701,1469,1264,1506,1358,5059,1255,1436,1494,3352,1479,4662,4079,2072,2650,1487,2799,1644,6698,3576,3435,3244,5065,1005,2836,2531,5470,3965,1396,1198,2110,4149,1495,2631,1834,4254,4185,2756,2018,3242,5598,2776,3946,1619,5974,943,5811,4274,2072,3012,2202,2737,5771,3670,2842,1889,2338,4773,2469,2244,7110,4289,2296,3392,8167,4349,5221,1414,9215,5257,3217,4574,5647,6836,4236,4610,6250,5077,3039,1289,3064,7548,5301,8680,5654,4241,4622,4396,4426,7660,5716,5189,6377,4462
44,0,,,2,0,0,0,1,10,15,2,0,0,1,10,10,0,0,1,10,0,2,1,8,0,1,8,1,0,0,0,0,0,10,5,0,0,0,0,0,10,0,0,9,0,0,0,9,0,0,9,0,2,0,0,0,5,4,0,6,6,0,8,0,0,8,5,7,0,0,1,8,0,0,7,0,5,5,6,7,5,6,7,7,7,6,6,7,7,6,6,6,6,5,5,5,5,5,5,5,7,8,8,9,7,7,9,8,8,9,7,10,8,8,7,5,9,8,5,8,10,8,5,10,20,7,6,5,7,9,13,11,7,7,9,9,7,7,6,6,10,9,7,6,10,7,9,10,11738,4639,1448,1140,2430,10503,4459,2875,6108,1572,3651,11852,1895,6878,2035,2520,3326,6659,1177,1377,1198,11029,1327,6584,2934,2958,2664,5739,7537,2348,3126,2217,4452,2322,1988,3839,9286,2201,3112,2168,3068,3406,5961,2093,5710,5960,6229,2487,6376,2066,1944,1999,9706,10397,5497,11606,10464,3023,7984,3034,8501,3811,12158,2724,2848,1473,1717,3834,1954,1161,2841,1880,5901,3694,1687,2338,7309,6213,3879,9685,3613,1516,5766,6534,4483,4788,2651,3702,5216,1516,10387,3281,3937,12448,2676,2432,2198,3926,3279,2112,971,1599,2071,1817,1505,1607,1717,1807,1365,1774,1733,1734,7128,3037,2814,951,1279,1117,1764,2181,5167,3706,3176,2395,2172,3421,1241,3758,4092,2584,3276,1806,6235,3013,1880,5997,2139,1720,5712,7263,1575,3571,1345,3621
71,0,,,1,0,0,0,0,0,0,7,0,0,0,0,10,0,0,9,0,0,10,0,0,0,10,0,0,0,0,0,0,0,0,0,0,0,0,0,0,0,0,0,6,6,0,0,0,5,5,0,0,0,0,0,0,0,0,0,0,0,0,0,0,0,0,0,0,20,0,15,14,16,17,13,0,10,10,10,8,8,5,3,10,5,5,5,10,10,3,6,6,5,10,10,8,6,8,12,10,5,5,5,5,0,2,0,10,5,1,1,1,1,1,1,1,5,10,5,3,3,10,10,10,10,10,10,10,1,0,3,5,5,4,0,4,8,0,4,0,4,8,5,10,7,7,10,0,2810,1264,3460,2009,1339,4850,1398,1359,1594,1363,912,1365,5799,1875,1809,3907,5333,3782,1330,969,8363,8229,9289,1439,2071,2187,2406,2276,2477,2458,1526,3956,2728,2979,2980,5928,3979,4796,1752,1177,2850,1302,1733,1246,7737,7352,7025,4719,2551,1577,3837,3873,2796,1619,1484,1433,2699,1267,2068,2230,2658,4552,2353,2547,7831,2549,1732,2512,6161,2885,2050,1280,3062,1611,1475,1763,1429,1534,1330,1388,2832,1150,1244,1322,1381,2015,2068,2411,6871,1557,1399,1246,3189,1126,1011,1595,1713,928,895,1053,739,833,2665,2669,1631,1026,1004,1093,914,1782,809,1246,986,1670,995,840,799,1805,3841,2208,3228,1861,1547,1541,2093,1849,1713,2424,1564,2715,3578,1876,6795,1233,3137,1131,1515,8652,4126,5957,5286,2302,11123,3763
73,1,,,2,0,0,13,13,0,0,11,11,0,12,11,0,0,11,13,0,9,8,0,10,8,0,8,11,0,14,14,0,0,0,14,0,0,0,14,0,0,14,12,0,13,0,0,0,12,0,13,12,15,0,0,15,0,0,14,15,0,0,0,13,0,0,13,0,0,14,0,14,0,0,0,14,10,10,13,13,9,5,1,16,9,8,12,12,8,9,10,1,9,13,13,1,13,14,8,9,9,8,10,12,13,6,10,12,12,8,8,10,8,6,12,14,8,10,10,2,10,6,10,12,12,10,9,11,11,8,7,13,12,9,13,11,9,1,11,13,7,8,8,7,8,8,8,8,5641,951,1314,2453,1184,1913,4121,1887,731,1172,2072,5638,1891,1267,4369,1034,1754,4275,966,2873,1852,932,3091,6968,1259,1329,1121,1215,1431,1252,980,1022,1188,992,920,1014,984,1235,1092,971,980,754,942,1225,1024,1022,1296,1159,4300,3533,3403,2563,2446,1844,4138,2377,2978,4531,5473,3377,2903,4241,6960,3229,5623,4078,4701,8732,11177,6641,3897,6058,5202,2202,1978,1946,2826,1714,2935,3660,1487,1059,1124,2574,1729,1052,1312,814,3488,1462,917,1155,1317,1461,1848,1295,12,2298,3699,1598,2360,2167,4209,1559,3129,2092,1796,2806,955,3483,3842,2117,2436,1809,2481,3658,2337,2603,2451,4593,6309,2921,1705,3554,1633,3471,2919,8137,1873,6263,2350,2152,1455,1679,1261,1309,1720,3456,1053,3034,1120,1804,1581,2364
