num,type,d_le,a_le,gender,d1_r1,d2_r1,d3_r1,rt_d1_r1,rt_d2_r1,rt_d3_r1,d1_r2,d2_r2,d3_r2,rt_d1_r2,rt_d2_r2,rt_d3_r2,d1_r3,d2_r3,d3_r3,rt_d1_r3,rt_d2_r3,rt_d3_r3,d1_r4,d2_r4,d3_r4,rt_d1_r4,rt_d2_r4,rt_d3_r4,d1_r5,d2_r5,d3_r5,rt_d1_r5,rt_d2_r5,rt_d3_r5,d1_r6,d2_r6,d3_r6,rt_d1_r6,rt_d2_r6,rt_d3_r6,d1_r7,d2_r7,d3_r7,rt_d1_r7,rt_d2_r7,rt_d3_r7,d1_r8,d2_r8,d3_r8,rt_d1_r8,rt_d2_r8,rt_d3_r8,d1_r9,d2_r9,d3_r9,rt_d1_r9,rt_d2_r9,rt_d3_r9,d1_r10,d2_r10,d3_r10,rt_d1_r10,rt_d2_r10,rt_d3_r10,d1_r11,d2_r11,d3_r11,rt_d1_r11,rt_d2_r11,rt_d3_r11,d1_r12,d2_r12,d3_r12,rt_d1_r12,rt_d2_r12,rt_d3_r12,d1_r13,d2_r13,d3_r13,rt_d1_r13,rt_d2_r13,rt_d3_r13,d1_r14,d2_r14,d3_r14,rt_d1_r14,rt_d2_r14,rt_d3_r14,d1_r15,d2_r15,d3_r15,rt_d1_r15,rt_d2_r15,rt_d3_r15,d1_r16,d2_r16,d3_r16,rt_d1_r16,rt_d2_r16,rt_d3_r16,d1_r17,d2_r17,d3_r17,rt_d1_r17,rt_d2_r17,rt_d3_r17,d1_r18,d2_r18,d3_r18,rt_d1_r18,rt_d2_r18,rt_d3_r18,d1_r19,d2_r19,d3_r19,rt_d1_r19,rt_d2_r19,rt_d3_r19,d1_r20,d2_r20,d3_r20,rt_d1_r20,rt_d2_r20,rt_d3_r20,d1_r21,d2_r21,d3_r21,rt_d1_r21,rt_d2_r21,rt_d3_r21,d1_r22,d2_r22,d3_r22,rt_d1_r22,rt_d2_r22,rt_d3_r22,d1_r23,d2_r23,d3_r23,rt_d1_r23,rt_d2_r23,rt_d3_r23,d1_r24,d2_r24,d3_r24,rt_d1_r24,rt_d2_r24,rt_d3_r24
1,1,1,1,1,13,10,10,5251,3837,735,8,7,10,3144,2806,1450,8,7,8,916,1606,1215,8,8,8,1032,6532,1153,8,8,8,954,2910,850,8,8,8,982,2260,881,8,8,8,1137,2468,1274,8,8,8,1330,3075,768,8,8,8,2166,2530,812,8,8,8,854,1994,937,8,8,8,867,4814,757,8,8,8,1751,2124,1020,8,8,8,1056,2464,681,8,8,8,1419,2069,670,8,8,8,735,2235,1673,8,8,8,899,2626,1388,8,8,8,792,2301,1620,8,8,8,1361,1484,982,8,8,8,1335,1209,958,8,8,8,898,1268,2476,8,8,8,769,2335,1214,8,8,8,1209,1531,1789,8,8,8,1091,1076,1553,8,8,8,1182,747,786
2,0,1,3,2,15,14,15,2628,9809,10062,18,13,14,4457,9109,5136,2,14,10,2816,3103,8881,12,5,13,10744,3810,11478,17,13,14,4960,4594,6568,12,14,10,1723,5294,3198,8,10,9,2085,7513,11231,17,12,14,2109,3802,7515,18,13,13,3791,7693,4587,18,8,5,5468,3448,2271,20,13,15,10201,10492,9746,17,10,10,5354,8735,4274,8,15,10,7779,5946,4904,10,13,12,6037,7093,8699,15,8,12,10342,8322,6019,10,10,12,2661,5655,3444,15,13,12,9892,4951,5606,9,10,12,6427,5695,6476,15,14,12,11816,5725,5984,10,13,9,5942,4375,1652,8,8,10,8638,6974,3279,18,8,10,2606,9992,4574,11,12,9,2580,10710,5823,16,9,10,11432,7285,3111
3,0,2,1,2,13,15,16,2513,2069,2460,12,11,12,1212,900,2992,12,13,14,1033,1258,2259,12,11,14,1766,1010,2303,12,11,14,1056,1113,1643,14,14,16,1026,1433,1440,14,15,16,1161,1698,1455,12,10,12,1009,1876,2147,12,10,10,1096,1357,1852,12,13,14,1012,1532,1305,13,15,12,1339,1326,1365,12,13,12,1417,1316,2984,12,10,16,1039,1923,1463,12,10,12,980,1561,1282,12,12,12,1087,1401,1168,12,13,16,1190,2118,6961,13,14,16,1008,1767,2401,12,10,10,972,1622,1511,12,11,12,1434,1289,1333,13,13,12,903,2725,1294,12,12,14,1552,2152,1214,13,14,12,1056,1525,1007,12,12,16,985,1458,1532,12,12,14,2301,1083,1332
4,0,3,2,2,5,6,10,4398,4500,2690,3,3,5,2914,880,998,3,4,10,1082,3994,2818,4,3,5,1334,2082,938,4,3,5,1091,3380,1007,5,3,10,1481,4516,1851,4,3,5,1199,3533,1047,6,4,5,940,1576,891,6,4,5,2545,1398,4629,7,2,5,1386,9128,1033,6,6,15,1409,1650,1805,7,4,5,2515,1181,1002,5,6,10,5656,1932,1585,5,4,5,5148,1879,1089,7,4,10,1580,4666,1518,3,2,5,1404,4208,973,7,4,5,4982,1461,8687,7,2,10,1140,1693,2674,6,4,5,1344,1571,1042,6,4,10,1524,4914,1424,6,4,10,2151,1720,1301,5,4,5,1595,2908,841,4,4,5,3133,1642,978,6,2,5,1059,1955,3280
5,1,1,3,2,5,5,5,2911,4409,5012,5,4,5,2379,2204,4221,5,4,5,2202,4365,2892,10,19,14,3807,2123,3297,10,18,13,2235,2030,2834,10,15,12,2104,1479,6518,5,10,8,1614,1831,1884,4,5,8,1685,2643,2730,3,5,4,1580,968,4035,1,3,2,1279,3561,3319,5,8,8,3417,4342,2009,5,6,5,2710,819,3591,3,5,5,2128,1421,4200,4,6,4,1820,1058,4331,3,2,3,3157,857,1848,2,3,3,2929,1204,4414,4,8,4,6282,836,2937,3,3,3,1690,992,3157,3,2,2,2260,1187,3292,3,6,3,2199,757,5229,3,2,1,2903,1156,5542,5,0,4,6610,1061,4519,3,6,1,2671,1028,3174,1,2,0,1485,985,2765
6,1,2,3,2,12,15,11,6321,1462,2127,10,12,5,3750,1303,1195,7,9,5,3584,899,1046,6,8,6,1888,766,994,10,8,11,3136,746,1129,10,11,15,2670,1133,1874,6,9,6,2012,808,932,5,8,3,2949,864,1036,7,12,11,2689,1261,1318,7,10,10,2110,2219,1261,5,9,8,1218,816,856,8,9,10,1274,936,1580,10,1,9,2934,2912,1837,7,9,11,1488,1082,1172,9,10,8,2985,1496,1732,10,9,11,3454,984,1198,10,10,10,4536,2060,6637,8,9,10,2601,757,5079,8,9,0,3933,1061,8462,8,8,5,2514,1054,11586,9,11,11,2255,1542,1300,3,9,10,1022,735,2967,8,8,8,2483,923,7182,10,13,10,2126,1592,5043
8,1,1,3,1,12,8,0,2419,4873,4251,10,1,6,1817,1064,916,12,6,10,1262,844,1807,10,8,16,2180,958,1618,12,10,16,2237,3735,2527,13,12,16,6786,2533,1761,16,13,16,5135,1797,1107,17,14,16,2989,1527,2505,10,10,4,4908,1974,2338,8,8,0,2181,789,2005,10,9,10,2311,9140,3363,15,12,4,2532,3992,5583,12,8,2,1233,1908,3795,12,6,15,3441,2100,5058,12,7,4,5415,3448,2826,10,7,0,4299,7805,1234,12,1,0,1243,2031,1303,12,7,16,1756,9305,4118,10,9,0,2183,5348,773,10,5,0,3576,3662,1128,12,11,0,3141,6253,1572,12,0,10,4534,3147,1328,12,6,0,3029,1528,1352,12,7,10,4087,2418,1373
9,1,3,2,2,10,15,12,2762,4297,1806,10,12,11,1714,1285,1674,7,10,9,794,1587,860,7,8,8,841,989,916,8,7,8,1481,820,1306,5,7,7,859,1560,802,6,6,6,1060,1103,959,8,8,9,894,860,839,7,8,8,822,875,1037,6,6,7,1130,830,970,5,6,6,1012,759,836,8,8,8,1361,885,1124,6,6,7,978,898,858,7,5,6,882,870,890,6,6,7,999,1002,894,7,6,6,1662,1167,840,6,8,7,1221,722,881,8,9,8,769,1234,1018,7,8,7,968,912,807,7,6,7,1191,890,1060,7,6,6,999,765,777,6,5,6,852,773,829,7,7,8,831,745,998,7,6,6,882,794,831
10,1,1,2,2,12,11,15,3454,4866,2892,2,3,10,4070,2078,2093,7,1,2,1618,1570,1576,1,1,2,4731,1873,1385,10,9,10,4968,2445,1664,1,4,5,5202,993,2990,12,4,2,2761,931,1408,0,6,3,1202,1835,1890,13,3,1,1440,1218,2227,10,6,7,2323,1968,2068,0,1,3,925,3490,2339,8,3,1,1901,3123,1359,12,4,1,2604,6859,2280,0,0,7,1477,4347,2992,0,4,1,1177,1555,1143,11,0,0,1643,2794,1944,0,1,1,1248,6715,1600,11,4,1,1309,1253,1424,0,0,4,3887,2506,1818,5,5,7,10984,1434,1295,0,0,1,5022,2270,1411,10,4,7,6148,2250,1813,10,4,0,2083,2608,3015,7,3,2,5599,1698,1522
11,0,3,2,2,14,10,10,2085,6268,3430,14,15,13,1448,1704,3265,12,8,10,2400,9537,5722,11,10,15,2609,3427,1611,14,15,13,1732,5531,1931,13,3,14,1569,865,2977,13,15,10,1153,2289,3332,10,3,10,1184,3143,3289,15,10,13,2443,2193,7396,8,4,10,1328,2835,2977,16,16,15,1472,2191,4162,8,2,10,795,4416,3372,10,8,10,1650,1242,3087,10,8,13,3012,728,1828,11,16,13,1562,2287,4997,10,9,10,1919,1325,9667,17,15,15,1435,3154,1526,10,5,10,1610,678,2875,18,17,16,1790,4488,3867,10,10,10,1557,2356,2736,19,12,15,1757,1149,11790,15,17,15,1471,6712,3648,15,9,15,1420,2702,5721,15,14,13,3803,10530,2498
13,1,2,1,2,11,10,10,7183,2805,3015,10,5,8,3567,777,2488,5,4,6,1592,4864,1761,5,0,4,2939,1690,1098,5,6,6,1699,2518,4867,5,5,4,2799,900,1810,4,6,4,3741,1463,2952,5,4,6,1308,766,2359,5,7,5,2824,3225,4668,5,4,4,2351,819,3227,5,6,4,2717,3353,2882,6,6,6,1485,2668,2168,5,5,5,2001,817,2309,5,7,5,782,4975,1585,6,4,5,1494,1482,2142,5,7,5,712,1940,2686,5,4,6,891,833,7179,5,4,5,810,1432,1920,5,5,5,3432,1145,2519,5,7,5,3119,4995,1072,5,5,5,2429,1341,1597,5,5,5,2144,1188,989,6,4,5,1816,877,6018,5,4,5,1190,1095,1349
14,1,3,1,1,15,15,16,8209,6566,3349,10,6,12,2126,2431,861,8,2,8,1216,1359,864,5,1,4,1308,2001,744,3,3,3,1446,975,678,6,4,8,1478,942,714,6,8,16,1466,879,969,6,4,12,1463,1063,857,5,2,5,1438,1319,712,5,1,4,1308,1151,817,8,6,14,839,1195,945,5,2,10,739,1301,1398,0,1,8,1057,1239,790,5,6,14,933,1566,951,7,5,14,1289,1156,5059,3,3,10,1208,2169,1377,0,4,8,964,1095,912,1,9,12,1436,1498,1078,3,5,10,874,1119,1506,5,4,12,946,1364,882,5,6,10,5400,1133,1724,8,4,10,2011,1218,1445,5,3,8,1067,2246,1134,6,3,10,877,1146,1390
15,1,2,1,1,13,8,13,3398,2487,1978,7,7,12,1895,1047,1276,5,6,6,2325,2312,1420,7,3,8,1589,1716,890,4,1,5,787,943,1235,5,8,8,774,1707,1426,5,4,9,1704,1344,3717,7,5,6,1801,3089,783,4,2,11,1039,4357,3369,8,1,12,1159,3529,1769,5,10,13,2587,6267,5535,4,10,4,4359,2823,4149,10,8,10,3005,5216,6991,10,1,14,2913,2112,1574,10,1,0,8299,2102,1199,6,1,13,5638,1834,4860,3,1,2,3560,3588,3789,11,10,12,5712,5358,4710,4,10,5,3400,6099,5332,7,3,10,2162,9798,6674,10,1,13,4855,7497,982,5,1,1,4095,2430,5025,11,5,15,5595,7771,1726,12,8,10,6115,3820,11267
17,1,3,1,2,15,12,20,6596,3050,1752,14,14,19,3301,1814,1297,15,12,18,9446,2142,1521,10,10,0,6457,2645,1832,5,0,5,4885,2221,824,10,10,15,12960,2938,1611,14,16,11,2969,2847,12,10,14,17,4800,2428,1094,13,14,20,9506,1886,6748,15,16,20,6100,3462,1933,10,0,15,5208,2367,2109,5,2,10,10164,2730,1291,20,10,20,7464,3076,3909,16,12,20,6872,2469,2736,10,0,20,1809,2866,1323,15,2,20,3590,2657,1210,10,16,20,5841,3078,2500,13,14,20,11939,9245,1308,10,0,10,2755,1745,2237,15,10,10,6853,2436,8429,15,16,20,4279,2873,5749,14,14,19,11103,2248,1647,5,0,17,8240,1979,11795,5,2,15,9962,2468,3236
18,1,1,1,2,15,1,10,2137,913,1446,10,1,6,2659,877,775,8,16,5,2419,1499,1584,6,1,5,2977,1014,975,7,1,5,2426,1189,2619,10,15,4,3035,1654,907,5,1,5,1611,1000,794,3,0,3,2240,909,887,6,19,1,1752,1481,854,6,1,4,7793,1347,1904,3,1,3,2246,803,2013,4,15,4,5203,2278,1362,8,1,1,1512,645,1602,6,1,4,2383,761,1995,5,10,1,4672,1685,1012,5,1,2,1133,1046,2076,3,19,1,1722,1484,892,4,1,3,11221,767,850,2,2,1,1498,1104,805,5,20,5,1245,1579,846,4,20,3,1398,1841,1814,3,20,4,2075,1477,2204,1,18,3,1297,1412,1905,4,1,3,1383,820,2578
19,1,3,2,2,8,10,10,2147,4412,3118,3,4,1,1390,3458,1294,2,2,5,1699,1750,3927,4,5,5,1351,4213,2060,10,10,10,2709,3595,2544,3,7,10,4401,8095,4329,9,5,10,1095,4892,2759,8,5,10,1125,2478,2584,5,10,10,1850,3604,2946,4,7,10,5342,5316,2603,5,6,10,3093,5619,2892,10,7,3,1487,2574,1576,1,10,10,2447,2729,3041,1,5,10,3255,1960,2997,1,5,10,3925,2500,3060,15,4,10,2417,2346,5382,0,10,10,2539,2123,3786,0,5,10,2154,2000,2883,1,4,10,4122,2222,3809,15,4,7,2246,3052,5310,0,8,10,1836,1763,5684,0,4,10,2051,3728,3587,0,4,3,2554,2134,1372,16,10,5,1757,3229,4148
21,0,3,3,2,8,10,3,1005,8174,1669,6,7,6,963,968,3223,5,4,6,1292,973,1178,5,4,5,866,1183,3902,10,9,9,2697,876,6891,8,5,6,1454,1085,5699,10,4,7,1725,922,6704,0,8,7,1525,1190,3652,8,4,6,1272,976,6049,5,4,5,1247,3008,2293,0,7,4,2112,1013,7430,13,5,4,2263,1117,6713,10,6,8,1445,1952,6369,10,5,6,6138,1644,1622,0,9,4,1417,5124,3844,5,3,5,3851,2688,4586,0,6,9,1933,2283,5616,15,1,5,1581,4966,5716,0,6,8,2271,2493,8060,5,4,7,857,6896,6848,0,5,6,4409,4939,3503,0,3,5,1416,3219,2241,2,5,8,5002,804,1661,10,3,3,1568,1015,1448
22,0,1,3,2,14,15,13,5364,3221,5776,14,13,14,2240,1242,3644,13,14,13,4145,1267,2338,12,13,12,4481,3528,1891,10,12,12,6814,1158,6194,9,11,10,6636,1664,1443,7,10,3,4747,2142,3646,7,7,7,6827,1538,2230,12,10,12,2306,2280,924,14,12,12,3245,1010,2350,12,12,10,4276,2613,4603,10,7,10,7595,2504,4342,8,9,10,2780,2398,3983,13,12,12,2075,3463,2200,12,13,13,2114,4256,12,10,7,10,7336,1420,2810,10,9,10,1811,3371,2583,13,12,11,3383,1642,4486,12,12,10,3593,2339,3001,12,7,6,2607,1866,3184,10,12,13,2704,1552,3383,10,12,10,2870,2200,2695,9,7,9,4433,2685,1983,8,7,8,2000,2032,2703
34,1,3,3,2,13,15,15,7956,4458,2172,9,10,14,1633,1013,2107,8,9,12,3290,715,5830,7,5,10,2572,709,4210,6,5,10,2271,769,6186,6,8,15,2741,826,5468,13,12,16,4923,1517,3752,10,10,8,4352,1040,5593,9,8,2,2333,864,4171,9,5,5,2612,835,5168,8,10,15,1210,930,5005,9,8,15,6030,699,4484,8,10,10,7684,1052,5298,8,8,2,3588,820,3606,9,5,3,2394,1111,6980,9,5,15,3611,916,8130,9,9,12,6920,750,6382,9,10,5,7463,1273,5928,8,5,0,2690,988,3978,7,3,18,3340,708,6266,8,10,0,7401,1073,3899,5,0,0,2439,893,3498,10,5,15,2767,796,5295,8,10,17,6231,1709,4476
35,1,2,3,1,15,14,15,1656,1452,2156,10,10,15,907,4736,3158,10,10,9,819,3825,2039,2,15,10,1082,904,7183,15,9,15,876,861,4638,2,8,14,683,1395,1667,15,15,10,948,891,1095,5,4,13,710,2091,1553,15,15,16,1369,2260,4994,1,5,8,720,848,5034,15,3,14,914,1484,7847,5,15,6,700,948,4652,12,5,17,765,1853,1321,1,10,17,639,2853,6063,12,5,15,957,845,6229,5,16,1,830,1101,8137,12,9,15,847,2444,4157,1,6,16,729,1495,6146,12,6,14,1773,2766,12,12,15,14,680,3058,6147,12,10,16,2218,1383,1917,1,10,5,2379,1503,2621,12,13,12,1669,2118,3851,1,2,0,570,2060,1387
36,1,3,1,2,16,14,13,2101,4634,6306,3,7,7,2398,3428,862,1,6,5,1499,5676,5185,2,6,6,2043,2333,2448,1,5,6,1215,1585,6404,1,7,6,1559,1222,2734,1,4,6,1192,1250,5351,1,6,7,1275,1325,7223,1,8,4,1143,2789,8969,1,3,5,1235,3402,2286,1,3,9,1179,2908,5536,4,7,8,952,1248,2759,1,6,7,1046,5091,4233,1,6,6,1018,5661,1371,1,9,5,1596,3538,1447,1,6,7,1213,3690,6798,1,14,6,924,1798,816,1,12,4,1190,5613,1415,1,14,6,1302,3837,2772,1,2,0,1292,1940,953,1,16,13,1214,6929,1665,1,0,0,1480,3438,949,1,13,0,1117,2448,4741,1,14,0,1253,5964,6594
37,0,1,2,1,12,9,10,2205,1818,9446,5,8,5,1469,1400,12177,0,5,8,4062,1429,9193,0,4,5,1897,1280,6042,8,5,5,1261,863,4135,0,3,10,1327,981,3293,12,5,10,2678,851,8694,12,4,10,1910,945,3468,5,8,0,2557,976,6616,0,8,5,1769,1865,4139,0,0,0,1954,1027,3659,0,0,0,2049,1005,6300,5,0,10,2246,1086,6488,3,1,0,1620,1049,3148,2,5,3,3528,971,3130,0,5,3,3097,952,3367,5,0,1,1974,998,3389,3,1,2,2723,1788,3474,4,1,3,2708,906,4769,5,9,3,4422,1527,3448,10,1,2,3544,1287,3573,0,2,1,2391,1030,3154,3,2,5,6251,976,5582,4,8,1,3714,892,4761
38,1,3,1,2,9,7,8,3111,3268,733,7,8,7,958,5856,1057,6,5,8,1078,3780,1195,6,7,10,938,3983,938,7,8,10,909,4126,1043,7,6,9,2239,3189,935,6,6,12,749,2766,1097,7,10,8,1265,1968,855,6,5,12,1077,1115,1279,5,7,8,1033,1253,983,7,9,6,801,3709,1347,6,4,10,836,4823,1186,5,8,12,1191,2917,1035,7,5,10,968,4004,956,6,8,8,1634,1566,944,6,9,8,1180,9851,1238,9,6,9,4541,1254,979,8,10,10,891,2165,1217,8,10,10,813,2906,1444,7,10,8,952,2436,1414,7,10,11,2391,2618,1123,7,7,12,1055,4133,1098,6,8,9,1239,4223,1139,7,7,12,1308,3458,1286
39,0,3,3,2,10,10,9,4051,1903,3782,12,13,12,1310,1735,1430,13,12,12,1862,1636,1485,11,10,11,1352,1907,1301,10,9,9,2700,1748,1675,8,6,8,1867,6095,1166,8,9,9,1719,1911,1909,8,6,9,1538,3098,883,9,8,9,1471,3008,776,12,13,11,1740,2539,1154,13,12,12,1434,1877,1390,10,8,7,1548,4062,2590,8,7,8,1336,2458,1003,6,6,8,2210,2008,3126,8,8,9,2003,2281,885,12,15,12,1836,8273,2220,13,12,12,1653,1805,2717,8,7,7,1309,6814,2310,8,5,7,1519,3923,2286,6,7,9,1408,1968,3212,13,10,12,1777,4841,1281,13,15,12,3807,3126,2817,8,4,7,1416,2997,3083,6,2,7,1395,5733,2158
40,0,2,2,1,10,8,10,5154,12549,9751,11,7,8,3202,10458,4047,12,15,10,2765,8377,3152,11,15,10,2520,3550,3183,10,7,8,2500,1898,2302,10,5,10,2809,3985,1754,10,8,5,2604,11295,2390,10,5,5,4000,9051,2539,10,13,10,3267,5382,1795,10,6,10,2221,6603,2335,10,7,5,4007,4862,3501,10,11,6,3112,2593,3696,5,8,7,1995,7143,3173,10,10,10,2379,5288,7688,8,12,10,4956,3125,2130,10,5,10,4528,7400,2801,7,1,5,2346,12083,1338,7,10,5,4521,12,2961,10,10,6,5657,7553,1611,10,13,10,4082,2471,3523,10,6,6,4040,2120,2951,10,12,8,2648,3084,2092,10,12,10,2482,10893,2411,10,8,7,2550,3134,2185
46,0,3,2,2,3,5,6,8351,2146,1565,4,2,4,4059,2311,1304,2,3,4,3605,2432,868,5,3,6,3878,2177,881,4,4,6,3431,2285,920,3,5,6,7181,2176,858,4,7,8,3887,2467,2323,4,3,4,3776,2215,1092,2,2,8,9445,2619,799,5,6,0,8096,1822,5976,5,2,6,4431,1658,942,4,4,8,8377,2232,2173,4,8,0,7573,2157,1295,5,2,7,4601,2279,5446,6,7,0,5317,1969,2999,4,7,0,7513,2564,1533,2,1,0,4927,2078,1079,5,6,10,5494,1928,1205,5,7,0,8041,1983,1262,0,2,0,5945,2217,1313,8,5,12,6640,2453,3756,0,7,0,5631,2455,1302,0,6,0,4605,6390,1236,10,5,14,11974,3309,1858
48,0,2,2,2,5,13,4,5530,5495,5979,8,2,0,2697,1905,2233,1,0,7,827,2078,1164,1,0,3,1603,2015,1223,10,1,5,1029,2147,1589,1,1,2,923,2790,2469,4,0,5,817,1635,1073,0,1,2,1414,2143,3153,7,0,4,786,2658,1679,2,0,0,1594,2716,3005,0,0,6,1706,1626,1476,6,0,5,2329,2119,2477,0,0,0,904,2883,2148,5,0,8,3999,1953,1417,0,0,4,919,1774,2831,0,0,5,837,2185,1765,0,0,0,953,2588,3267,0,0,8,902,4236,2431,0,0,5,3149,2211,1914,10,0,0,4064,2287,2434,0,0,0,860,2565,1893,1,0,0,852,3095,3196,0,0,0,833,2731,2121,0,0,6,1685,2869,1503
49,0,3,1,2,6,11,5,2164,8588,2720,5,4,10,2761,4606,1527,6,2,4,1568,2637,2339,3,7,3,1281,8574,3147,6,3,6,1560,3043,1567,6,5,6,1848,2726,2053,6,9,5,1735,2244,5161,6,4,7,2001,7403,1540,6,4,4,2723,1477,3039,6,8,3,5280,4181,1430,6,4,10,2992,3763,1874,6,5,5,3393,2096,1582,5,9,3,1923,2093,3683,5,4,7,1779,1705,1699,5,4,4,1671,3657,2245,7,5,5,1337,3740,2099,7,8,8,10612,2551,1245,7,5,2,2163,3854,1853,6,7,3,1821,8474,1779,6,5,9,1491,2987,1247,6,5,3,2519,2064,2010,6,9,3,1369,4511,1352,6,3,6,1461,3023,1681,6,5,8,1425,2317,3114
50,1,2,2,2,5,20,5,5250,2631,6984,0,0,10,8991,2219,9062,20,5,20,3441,2929,4249,0,20,1,2208,2583,1140,5,0,20,1734,1629,1752,20,1,0,2415,1849,1947,0,20,5,1758,4079,2563,5,0,20,2082,2054,1807,20,1,6,2419,922,1969,0,20,6,1557,1855,7474,8,0,20,2077,1678,7582,20,1,0,2665,1657,4073,0,20,7,1559,2121,1147,8,0,20,1647,1747,5231,20,1,0,2278,6200,1949,0,20,3,1859,1913,1764,5,0,20,1364,1789,1808,20,1,0,2535,2189,1639,0,20,10,1739,3929,1766,5,0,20,2410,2259,2108,20,1,10,2904,1324,3041,0,20,0,2193,2830,4789,5,0,20,3925,2429,1866,20,1,4,2355,1670,6795
51,0,2,3,1,10,11,10,3458,4339,2589,11,7,11,1738,2830,1706,7,5,7,1231,2231,1872,5,5,5,1855,1431,3435,5,7,5,2587,1500,1546,7,8,7,3715,2094,1466,8,9,8,2113,2801,1367,9,10,9,2227,1785,1256,10,10,10,2764,1863,3132,10,6,10,2311,1740,2957,6,8,6,1878,2136,2436,8,8,8,2145,2558,3034,8,10,8,2088,2871,3003,10,10,10,1814,3912,2974,10,10,10,2588,1818,3418,10,10,10,2513,3620,2866,10,10,10,2723,4087,4451,10,6,10,3758,1615,3183,6,6,6,1903,3009,1626,6,9,6,2163,1750,2569,9,13,9,1156,5671,3426,13,6,13,2748,1061,2864,6,6,6,1778,1401,2682,6,4,6,1464,2639,2629
52,1,1,3,2,11,10,10,3488,3345,6289,9,8,10,1902,2709,2054,8,7,8,7099,1843,1420,7,5,6,1548,1095,1830,6,4,5,1479,2036,1403,5,3,4,1649,1717,2652,10,7,8,3856,1311,4155,11,10,9,1550,4385,3178,10,8,9,3302,1377,2479,10,6,8,4682,1626,2434,10,5,6,4008,4473,3185,6,7,6,8022,2676,2041,10,8,8,1495,1562,2286,10,9,9,9811,1555,2011,9,7,6,8126,2392,2587,8,5,5,3023,1911,2329,10,6,8,1227,2200,2012,9,10,10,8994,1954,2283,10,7,5,1047,1485,2033,10,6,5,10137,1740,1987,10,9,8,6761,1308,1833,10,7,8,4108,960,1875,10,6,6,2003,1135,2565,10,7,8,2292,1101,3781
53,0,3,2,1,10,5,15,5143,6525,6987,3,10,10,1188,2937,2677,9,5,15,1400,3320,3424,13,5,20,2142,6836,2583,5,6,0,2758,2256,1879,5,5,10,1426,7495,2253,5,3,0,4930,5519,2381,5,6,0,5061,4663,1934,10,6,0,3301,5525,1182,11,5,10,4658,5142,1251,0,5,10,2630,4277,3015,10,5,10,4528,4831,2446,10,6,10,2459,2344,1454,5,4,10,1464,7349,1537,5,5,10,838,3644,1436,5,6,10,858,5631,2247,10,6,10,2147,4096,1540,10,10,10,6220,3050,1929,2,6,10,872,3567,1540,8,5,10,836,2102,2458,5,6,10,3965,2459,2047,10,6,10,1591,2801,1693,10,6,10,5428,3424,1753,10,3,15,1510,2660,2739
54,0,1,2,1,5,1,10,5130,1442,4431,2,0,3,2702,1338,2127,2,2,3,2870,2104,1170,2,0,10,5985,1140,3271,6,5,5,1936,2871,2290,3,0,5,3743,1512,1627,2,0,8,1804,2864,2351,4,0,5,9695,987,2529,8,10,9,2860,2851,8073,4,0,9,8767,1532,2869,2,0,15,3913,955,3537,5,0,5,4428,1226,2543,1,0,10,5554,1048,3625,6,0,10,1920,1692,2811,4,2,10,5806,851,2370,2,0,10,2655,2432,3057,0,0,10,2006,5839,2217,6,5,0,1645,3982,2873,5,0,10,2081,2340,4861,5,0,10,4716,2370,2411,0,0,10,2107,2431,2627,5,0,20,4401,2573,2769,5,5,20,5211,2076,3366,5,0,20,3626,1542,2374
55,0,1,2,1,1,9,9,3565,2268,2724,0,5,5,1436,2153,4505,11,7,8,4959,8493,4048,7,1,5,1896,1698,5980,0,0,1,3223,2621,6207,3,1,5,1503,3543,6422,11,0,0,10094,2078,3391,5,2,1,7110,3581,3400,0,0,1,1416,1749,4694,3,1,2,5326,3640,3396,7,1,1,4323,1330,2535,0,5,5,4751,2443,8172,0,0,2,7317,1847,3855,11,0,6,12384,1722,10382,9,10,4,6549,1881,6703,0,7,7,2003,1458,10933,3,0,10,8144,6817,2811,7,5,8,7344,6341,2479,11,0,5,5666,1698,7023,0,2,1,2862,9153,6256,0,2,7,10079,7915,10177,0,0,1,1391,1748,4601,0,7,5,7345,1592,7867,3,0,10,5787,12315,10015
56,1,3,2,1,10,5,7,2675,2381,1643,10,15,8,3364,2648,1762,10,16,10,1926,2135,2357,8,10,12,5089,2127,2001,10,15,14,1491,2264,2503,10,15,16,1605,2240,2007,10,15,14,2649,1396,2652,10,10,5,3598,1661,2003,10,13,10,2249,2472,4237,10,10,11,3708,2600,2561,10,10,12,1283,2428,2948,10,10,5,1714,1896,2220,10,10,1,3554,2474,4724,10,10,10,2570,1936,2557,10,5,9,4681,1066,2490,10,11,16,2926,2562,2413,10,11,14,2063,1585,2198,1,8,4,2389,1933,2202,10,5,5,2530,1210,1832,5,5,5,5281,3185,3450,1,13,9,1458,2958,2215,10,10,17,3391,1443,2160,1,5,5,3283,2343,2939,10,11,19,6216,2115,7302
57,1,2,3,1,15,15,10,2861,6226,8011,13,10,8,1281,2697,3588,7,10,8,962,3429,3138,6,10,8,1565,2315,2594,4,8,6,2278,2708,2956,1,8,4,850,3260,7934,1,8,8,1214,3779,2159,3,8,6,1682,2477,6528,5,8,8,1101,2873,3403,6,8,6,3425,2956,2492,5,8,6,960,3389,2541,0,8,6,6068,2415,7792,4,8,6,3040,2568,2666,2,8,6,3470,3166,2444,2,8,6,3301,2654,3394,4,8,6,4385,3194,4413,3,8,6,1931,3900,1917,2,8,6,2838,3166,4596,3,8,6,4133,3077,4762,3,8,6,3244,3048,3978,3,8,6,2680,3469,2416,7,8,6,2917,3782,3691,6,8,6,3650,4444,3235,6,8,6,3534,3457,3851
58,0,2,1,1,12,10,10,6613,2013,2571,10,8,8,2627,1350,4671,8,12,8,1858,1074,6024,10,10,10,3080,1965,6059,12,8,2,3344,4980,8247,10,8,4,9668,2232,1157,8,10,6,1231,1890,3590,10,8,12,4899,1189,7809,8,10,4,4370,1887,5348,12,8,12,4028,1599,3998,8,10,7,9401,1658,1358,12,8,12,9362,2759,7528,8,10,10,6330,2235,12163,8,9,12,5003,2250,5228,12,11,6,4039,1044,1272,10,12,12,11008,1714,2497,5,12,6,3515,2515,3167,10,10,6,4170,2040,2955,6,8,14,2152,1718,8131,10,10,12,3755,7210,2758,6,7,2,3099,789,2277,10,10,4,3781,5020,8235,8,9,6,1488,1577,1044,5,11,10,4133,2043,9538
59,0,1,2,1,8,10,9,3191,3302,2513,9,9,8,1242,2911,10087,8,9,9,1231,931,6456,9,9,7,1847,714,8132,8,9,8,1404,1177,2821,8,8,8,1099,2240,2407,8,8,7,1269,1712,1775,8,8,8,1162,952,4178,9,8,9,4419,1461,5149,8,8,7,1132,3114,6930,8,8,8,1065,2298,2191,9,8,8,3258,854,6627,8,8,6,1126,1420,2766,8,8,7,1205,1696,4974,8,8,8,1214,1630,2755,8,8,9,1147,3632,5330,8,8,7,1280,1385,6410,8,8,7,1086,11164,11485,9,14,12,1176,4400,6143,8,10,8,1252,3547,4255,8,8,8,2022,3617,4222,8,10,6,1230,6881,4325,10,15,10,3116,7578,4394,9,8,8,1124,3877,6086
61,1,1,3,1,20,15,15,2685,3427,1149,20,17,18,1196,3057,1633,1,0,16,4043,7903,6144,20,1,15,1141,3686,4836,20,15,15,1871,2363,3142,20,20,10,4221,1491,3278,1,0,15,4208,4338,1795,20,19,10,2108,1915,2978,20,0,16,1264,1263,3114,0,12,5,1745,3586,3641,20,18,15,1609,6300,3654,20,0,17,3866,1405,1584,20,19,10,2696,2106,2126,20,0,5,2643,1545,2246,20,19,15,2485,2540,2526,20,19,16,2384,2805,5117,20,0,10,2488,5429,3537,20,20,18,2122,5721,1769,20,0,17,4501,1927,1822,0,0,5,2997,6285,2300,20,20,18,1764,4299,2782,20,19,19,2294,4824,1834,15,0,10,5671,4827,2965,0,1,18,1434,3657,3133
62,0,1,3,1,20,1,0,2292,4079,8082,20,0,0,2585,1852,1340,20,0,0,2397,2056,1220,20,0,0,2572,1909,1346,20,1,5,4436,3521,1463,20,0,5,2489,1921,1575,20,0,0,2532,2246,3463,20,5,0,2209,1998,1733,20,5,1,2154,2285,1218,20,0,1,3615,2041,1611,20,0,1,2401,2033,1748,20,0,1,2047,2158,1856,20,0,1,2876,2100,1688,20,0,1,4264,2160,2635,20,0,1,4396,1926,1272,20,5,1,2361,6387,1847,20,0,1,2795,3048,2089,20,0,1,2159,1568,2027,20,8,1,2464,1660,1252,20,0,1,1816,2527,1292,20,0,1,3347,1905,1400,20,0,1,3094,1972,1191,20,0,5,1770,1646,1799,20,0,4,1764,2001,2625
63,1,3,2,1,11,5,15,5243,7673,1347,10,5,13,3536,9449,1905,12,5,11,2693,2019,1591,8,5,8,916,2102,1284,9,5,5,1032,2399,1184,12,5,9,5643,4283,2482,8,5,9,6451,5316,2959,11,11,1,1971,2017,1273,15,5,16,3798,2436,1320,12,5,11,2273,6618,3325,14,15,8,3985,3891,1215,16,15,11,3124,2717,1271,12,15,11,2138,2194,2900,15,5,12,12,3195,1659,12,5,8,3716,3345,2228,15,5,6,4725,4646,2790,15,5,8,4291,3732,1336,6,5,6,3967,6571,979,12,15,6,4441,1880,1654,12,15,9,5119,4054,1256,14,5,11,8343,935,1457,11,5,6,3050,2631,3059,12,5,6,3289,2504,1497,18,5,11,6780,2144,2162
64,0,2,3,2,10,10,10,5990,3741,7153,10,10,5,3256,4609,1466,10,8,6,4822,3250,2477,10,9,6,5343,1420,1006,10,8,10,6493,3063,3704,10,10,10,2541,2013,1768,10,8,5,3229,3049,1981,8,8,8,1724,1525,2873,12,15,15,3809,1707,2608,10,10,13,2475,1689,5806,5,8,3,2607,905,2841,10,10,3,6643,1593,1813,10,8,10,3149,1584,1758,5,8,3,4846,1571,1448,10,8,12,2721,1310,2226,10,8,8,2627,1334,1912,8,10,6,2893,1874,2539,10,10,5,3871,1559,2400,10,10,10,4870,1473,1512,10,10,5,4845,1508,3554,9,15,5,2703,2050,2997,5,10,1,1968,1581,3283,10,8,15,8486,1200,7085,8,10,5,4073,4103,2147
65,0,1,1,2,9,9,9,1544,4030,4296,8,8,8,5012,2034,4609,9,8,9,925,1764,5503,10,9,8,1584,1839,1069,11,11,8,1289,1106,2147,11,10,10,1764,2262,3105,9,8,9,1393,2261,5167,10,9,10,3015,1523,2822,11,11,10,1561,1708,2720,11,9,10,1506,879,3511,10,6,9,2531,2123,5563,10,10,10,6028,1638,8820,11,10,10,1507,2298,2527,10,5,8,2375,2615,4025,10,11,9,3444,796,4113,11,9,10,6230,1817,3241,10,9,9,1681,1409,1525,10,9,10,2629,3268,3459,10,8,10,3466,4555,6187,10,8,10,3386,2329,4445,10,10,8,3153,2268,5582,11,8,9,983,2514,2176,10,11,9,1519,2953,4106,10,10,9,2198,2419,3857
66,1,3,2,1,8,10,7,3549,2329,2683,5,7,7,3023,5445,3755,7,7,7,2476,1766,1320,9,10,10,1728,1913,2000,5,5,7,4586,1684,1194,9,8,7,3044,2299,2189,5,7,7,2069,3131,2509,5,6,7,2917,7579,2347,7,6,7,2310,5777,2706,5,4,6,2770,4454,3235,5,7,9,5360,2444,3918,7,4,8,2026,2284,2221,6,7,10,10208,4366,3220,5,6,7,2940,6212,2290,7,8,11,3230,4920,1255,9,6,7,2840,2227,2439,7,8,7,1916,6453,2059,8,8,7,1931,1454,1873,5,6,8,2400,4271,2110,6,7,7,2868,2500,1942,5,8,6,2042,9202,2371,7,5,8,2649,3224,1824,5,6,8,2090,4664,3505,7,6,7,2529,4743,2926
67,1,2,3,1,12,11,10,2882,786,6988,9,13,12,5294,2402,11413,12,15,15,2957,891,2360,12,14,15,7730,1700,5246,16,17,17,7302,1420,6680,17,19,18,7403,2535,10832,17,19,12,4652,2880,10382,17,15,19,2669,2087,3553,12,16,12,8677,2025,3484,12,13,10,2389,1165,6544,17,15,16,5535,1239,7055,18,16,12,5167,2869,12655,15,14,10,3391,1165,2833,17,19,19,3700,3423,3860,15,15,19,5091,1317,4856,16,18,18,3470,1117,2947,17,19,20,3050,1300,3956,16,15,19,8496,897,2576,15,15,16,4699,981,1220,11,15,11,4341,789,2442,15,16,17,2473,1561,2570,15,15,12,5018,802,3522,15,18,18,3004,983,1482,15,15,12,4016,756,3868
68,1,2,2,2,10,18,13,3181,6486,4770,8,12,9,2566,1900,4648,0,8,7,823,3555,3209,7,10,10,2717,2431,1701,9,12,11,8303,4166,3587,8,15,11,1225,1662,3508,5,10,7,3346,1910,1844,3,14,7,1504,1463,1319,10,16,12,3130,3915,5053,6,10,10,943,1782,3337,4,10,7,1692,5021,1126,6,12,10,9212,3351,2602,10,13,10,2046,3952,10380,6,16,9,3013,2821,5544,5,15,7,1456,3712,2372,5,11,14,1551,1838,2517,8,10,14,1402,1995,4295,5,13,6,1260,1801,2822,2,9,5,927,1388,2648,6,14,14,5772,4762,5107,8,16,10,1113,1590,5611,2,7,3,951,1342,1288,0,8,10,880,2975,5300,5,13,18,1878,4896,2762
69,0,1,2,1,15,15,20,3300,4761,3911,15,15,14,1708,3514,1695,16,10,15,5549,3514,2749,15,10,12,2388,3336,2010,15,10,13,4244,2798,2389,15,10,14,2470,2380,2419,15,10,13,1934,2271,4801,15,10,12,2530,2068,2969,15,10,15,1711,2525,3422,15,10,19,3110,2226,2284,15,10,15,2077,2395,3923,15,10,16,2403,2163,2442,15,10,0,3140,2632,6251,15,0,5,2385,5799,5929,20,10,15,2791,2245,1565,15,10,16,1977,2273,1283,15,10,14,2986,2421,5527,15,10,16,2720,2310,1828,15,10,14,3714,2229,3890,15,10,15,2675,2152,3109,15,10,13,2759,1935,2760,15,10,14,2902,2886,3090,15,10,16,1910,1966,3399,15,10,14,3301,2010,5971
70,0,1,3,2,12,7,8,3093,1721,4233,8,3,0,3115,1010,12773,5,2,0,1191,1116,3813,10,7,10,1987,2430,1787,10,10,12,1538,1684,2162,8,7,0,5152,1693,1699,3,5,0,12030,841,5343,8,4,0,1470,1352,6904,5,10,12,853,2221,2501,18,11,12,1784,2570,2175,6,6,5,765,1078,7605,11,3,0,6853,1268,1918,11,2,8,2589,1717,2014,6,4,12,4195,2836,7815,11,3,0,12,3834,2229,11,1,5,1439,1468,1761,8,1,5,1112,862,3180,11,1,5,1226,2024,3888,11,1,0,1184,1405,1532,11,1,0,7708,1618,1873,15,1,8,1086,2253,1546,6,0,0,1373,2831,1581,15,1,0,1218,3922,2950,18,6,0,3458,1861,5365
76,0,1,3,1,20,5,20,1785,1540,3492,5,5,5,768,3472,1840,20,20,5,2677,7775,5697,20,5,20,2105,1492,2863,10,10,5,3745,3096,1859,10,5,5,2487,1947,1561,0,6,10,3064,1455,2038,5,10,10,842,2352,10129,0,8,5,2708,1910,3476,0,7,5,2024,4596,8730,10,8,10,3896,6503,10191,0,0,8,2306,1549,10437,10,8,5,2823,2755,12169,0,5,2,1637,2439,10730,0,5,7,2817,3821,7711,10,8,6,2483,4069,7488,10,10,9,11090,3966,8498,0,0,1,1781,2344,7611,0,9,8,3339,6435,7027,0,8,0,1512,5085,3928,10,8,5,1688,4035,11651,20,8,8,3326,4924,2946,0,5,5,1439,2157,9085,0,5,3,1911,6018,7613
77,0,3,2,1,7,4,10,1161,2752,2646,10,11,5,2580,5403,5364,14,11,20,2576,3979,2070,5,10,20,2672,4178,1539,13,11,10,1905,5844,4099,10,11,10,8373,4884,1369,0,11,20,2105,4967,1517,0,11,10,2047,6501,5310,7,5,20,654,3925,3516,0,9,0,1370,9083,1122,9,10,20,1179,12315,2909,5,9,20,1411,4370,1459,7,5,20,3633,4206,5227,0,5,0,1084,2078,1016,7,5,0,2247,4236,1170,7,5,10,1633,5081,1752,10,7,10,3474,4843,4660,7,14,10,2828,5866,1557,5,4,10,2238,2278,1635,7,10,10,2222,2206,2648,3,9,15,1304,5015,1339,9,5,20,1894,3682,1967,12,9,15,7464,6268,8012,4,11,10,3797,3609,1419
78,1,2,3,1,10,10,15,8745,2227,3824,8,8,5,3990,2027,995,7,8,0,4913,9235,2738,7,5,9,11472,3551,2725,9,15,9,3411,6098,1266,9,15,10,5616,10966,1359,9,10,0,6476,1532,1637,10,10,10,6127,1442,1572,9,15,13,5915,1222,5403,7,10,5,6530,3647,4907,9,13,10,5321,1968,1387,7,10,5,8266,2383,2767,7,10,8,4140,1569,1558,7,12,8,7496,1331,1087,5,10,10,3776,1351,5884,8,10,8,3667,1360,1729,9,10,11,2085,1210,1555,8,10,10,2961,1979,1662,9,12,12,3674,905,2032,9,15,10,3256,1341,4449,9,12,12,6864,1434,1929,10,12,13,5507,2809,1184,9,10,10,9154,4108,1501,9,10,10,2631,3735,1895
79,0,3,1,2,2,2,4,1826,5298,4846,2,2,3,980,2608,2442,2,2,6,652,3061,2554,3,2,6,736,3691,4116,2,2,4,1115,3132,1824,2,2,3,1256,2277,2101,4,3,7,1356,2021,1890,2,2,7,1926,3733,1698,2,2,5,1664,4521,2269,2,2,10,1536,2753,4391,2,2,5,1782,2848,2124,2,2,7,1824,2734,2396,3,4,11,1012,6592,4751,3,3,6,1268,2585,4112,2,2,8,1783,1819,6049,2,2,6,2610,2310,6429,2,2,9,1838,2976,1879,2,2,7,1517,3511,6616,2,2,7,1308,2414,5399,2,2,6,1503,3034,7075,2,2,5,1520,3083,6976,2,2,7,1224,2592,6115,2,2,9,1452,2513,5900,3,2,12,1419,5331,4785
80,0,1,3,2,11,17,10,4672,2734,5288,11,13,10,2305,1682,2988,11,11,10,1226,1246,2295,11,9,10,2264,3425,4205,8,7,9,1475,2053,1459,8,6,7,5442,3066,2287,11,12,8,1915,1635,6648,10,9,8,3264,1203,2540,12,12,9,2727,1589,1828,15,17,13,1607,5036,2041,10,8,11,1470,1473,2072,10,9,10,4732,1824,2280,11,12,10,1744,1454,2287,11,10,10,4556,1837,4292,12,17,13,2256,2971,3521,15,12,10,1465,3070,4156,11,12,10,1967,4216,2887,10,9,10,2518,5434,2824,12,13,10,1584,2230,2341,14,15,11,1361,1991,2101,11,10,9,1558,2779,1494,8,9,8,1439,4551,4608,8,15,8,2642,2515,1804,14,15,10,4742,2399,2117
81,1,3,3,2,5,2,6,3228,6377,4314,3,0,3,1583,6182,3256,1,0,18,1264,6403,5107,5,5,3,1462,10096,3335,5,13,5,2214,5448,4222,1,6,3,2479,6890,3371,5,1,3,3898,8940,3541,1,8,5,2008,9522,7732,4,8,3,1825,9563,6338,3,8,2,1134,5962,7148,2,0,18,1255,2045,5876,2,0,2,3438,4980,2133,5,10,5,2451,5820,4761,3,0,3,1291,1980,5734,2,10,19,2407,9935,6743,4,10,4,4686,4630,7986,2,0,3,1034,8500,5751,8,0,5,1862,7143,8633,0,3,3,1414,5276,7212,6,13,18,2118,6645,12390,5,10,19,3085,6505,9556,5,5,3,5572,6819,5274,0,3,3,2607,3322,7600,5,2,3,2741,6791,5497
82,1,2,3,2,3,10,6,7730,3877,1571,3,5,5,2037,1587,1046,7,4,4,3461,3318,985,1,7,6,1546,1134,1135,6,2,4,5383,1427,1018,1,5,4,3507,3558,1016,3,7,4,1429,3417,1026,4,10,4,3126,8435,979,1,5,3,1368,1734,2264,0,5,5,1331,1018,1119,5,10,4,5412,2514,959,5,7,3,1817,2028,964,1,8,4,3096,1721,900,3,7,4,1062,2866,1083,5,8,4,7198,3477,1476,5,8,4,2109,1415,954,5,7,6,1796,5467,1000,5,7,3,1835,2413,1011,5,7,6,5117,4859,964,8,6,3,2267,2597,982,1,2,5,4068,2891,910,5,8,4,990,2124,968,3,8,5,4264,4330,1371,2,7,4,2887,2017,979
23,0,2,3,1,11,10,11,7800,2550,6669,10,10,11,3526,1013,2093,8,7,11,2534,589,1672,10,12,11,5353,1321,1531,10,6,15,1946,1874,1962,6,0,4,2712,1224,1078,8,8,5,1744,2398,1695,10,9,5,3476,1872,3390,8,5,3,2366,2249,2203,5,17,13,1621,3113,1822,8,15,12,2379,5005,2766,10,15,2,2045,1254,1992,7,,4,3425,3220,3275,5,,5,2426,1174,1572,7,,2,2887,1149,10954,6,,4,1786,2159,9003,5,,4,1615,3492,9574,8,,8,3259,3604,2648,4,,5,1636,658,1431,5,,3,5773,685,3151,8,,5,1776,2081,1438,6,,12,2849,3701,2092,8,,3,3769,908,1168,5,,0,1554,1534,1729
20,0,2,1,2,8,10,5,4484,2808,3728,5,4,5,975,1261,881,5,7,3,1643,3773,1161,10,10,8,2313,4876,6983,10,8,12,1193,3996,3848,10,10,3,3071,1754,5333,8,6,5,1735,3414,8965,6,5,10,4193,4782,1156,8,6,0,7550,2696,871,8,3,3,2643,4747,2113,8,10,9,1646,1592,696,8,9,8,2819,2043,1116,6,,8,5594,1606,851,6,,9,994,5516,2899,5,,9,790,6767,830,5,,0,1562,3001,760,8,,7,1386,1127,805,8,,8,2183,2477,992,5,,3,996,3094,1118,4,,8,1277,2405,4591,8,,5,3339,2393,4101,6,,5,2187,2501,8096,8,,7,8170,3423,1791,6,,8,1486,3572,1867
7,1,2,2,1,7,8,7,5954,4118,4990,7,8,5,5218,1924,3199,6,1,2,5627,1136,9133,0,5,1,1421,3032,2749,10,0,8,1373,2161,4330,15,8,10,1421,3115,5074,1,6,4,709,1595,2908,7,6,5,1267,1766,5673,10,15,9,6451,2988,3570,1,15,7,1335,2600,2830,10,5,7,1548,2059,5940,1,5,2,1329,4422,2714,,12,5,1137,3424,2429,,10,10,7079,2404,3079,,1,5,8919,1500,2558,,4,0,1337,2577,2953,,8,2,4819,3143,2668,,1,9,594,2840,3907,,5,9,1097,2773,4272,,8,10,1300,1934,2768,,1,5,1361,1761,2731,,15,2,5077,2234,4121,,0,10,2670,2699,3941,,7,7,1434,5735,3770
16,1,3,3,2,0,11,8,11624,3736,1000,1,7,8,11524,2038,915,11,8,10,12,7155,2521,7,7,4,5855,2226,879,10,10,1,6332,7837,1308,1,6,6,3208,6000,1721,11,12,0,9289,10603,886,10,5,10,12239,3160,1346,1,11,6,9091,3515,1200,7,11,10,6607,2716,1091,1,6,10,7834,11832,1144,5,10,7,4614,2988,1994,,9,10,7327,7405,1105,,15,10,3604,9322,1080,,14,9,10454,4149,1296,,13,7,6856,7273,3119,,10,5,7968,5682,2779,,10,9,2792,8318,3673,,12,14,4046,1863,1320,,11,10,2434,3943,1151,,6,8,7236,2280,1086,,13,7,6382,5999,880,,14,8,6976,5002,2861,,9,6,5745,7400,1799
47,1,2,2,1,10,11,11,5493,10407,5166,11,11,8,806,5330,2044,15,11,7,2795,12654,5428,10,8,12,5017,8153,1713,10,11,9,2661,4677,2292,10,1,8,1617,901,4904,10,1,10,1550,5209,2095,10,1,12,1942,1931,1953,10,8,9,2981,9620,3774,10,5,11,3817,4710,1243,0,11,9,5309,2846,1641,9,11,10,12,5001,4137,,11,8,2726,2323,1844,,11,9,950,4184,7055,,8,10,1115,10721,5826,,11,9,1739,6560,5396,,11,4,8564,4799,1674,,15,7,11952,5735,3821,,5,10,10154,4014,1650,,5,8,6077,6925,2182,,5,2,2231,5978,1464,,11,9,9721,1428,1495,,11,9,2689,7391,3412,,11,10,2463,3031,3829
12,0,2,3,2,8,15,9,3339,5029,1569,9,6,7,1149,6195,1336,7,6,8,1513,1993,1377,5,5,7,1335,1029,1358,8,12,9,1782,3610,1414,5,6,6,1277,2379,977,9,7,10,1383,2889,2378,11,7,7,1427,7369,988,5,18,8,1010,2072,760,3,19,13,2145,7088,1173,6,7,10,1452,2315,2904,5,6,6,2546,2688,1557,,6,6,1840,1170,1880,,15,3,3991,4063,1211,,14,4,1733,2120,2711,,4,6,2854,3118,1124,,13,4,1039,1421,1007,,5,4,1863,1926,1303,,12,10,2829,1371,3213,,5,3,3943,1846,1046,,13,11,2044,1167,1067,,4,3,1387,906,874,,7,8,1423,1084,1507,,8,7,2412,914,1212
24,1,2,2,1,0,0,0,3604,2534,2915,0,0,0,2273,1870,1055,0,0,0,2195,2074,1535,0,0,0,2395,1321,1315,0,0,0,2164,1393,1900,0,0,0,844,1013,1128,2,0,1,787,3042,919,0,0,0,1019,1172,1985,0,0,1,1040,1758,759,0,0,2,1663,1360,1956,10,0,1,6506,1289,1807,0,0,3,717,3089,1264,0,0,3,1195,2278,1581,0,0,4,3149,4079,1352,0,20,1,855,2902,810,0,0,2,759,1423,984,0,0,2,3245,1808,1048,0,0,1,2101,3645,772,0,0,1,1031,1814,2790,0,0,4,2067,3761,1153,0,0,3,1467,3232,2046,0,0,1,2356,1914,783,10,20,0,1338,1442,2601,0,0,3,2496,1658,2593
83,0,2,2,2,12,17,8,2595,3246,4686,10,15,9,1617,1835,6018,9,10,8,743,1745,4926,10,8,8,1963,1073,3619,16,17,6,3101,1965,3805,10,13,6,1635,1354,4398,8,10,6,779,1768,3339,12,10,10,1027,1399,2292,9,12,10,2527,1326,4430,8,10,9,10620,1870,3306,12,10,9,1195,2616,3479,14,16,9,1630,1479,4259,,10,9,1899,1505,5144,,11,10,1919,1348,7448,,9,9,2851,2037,2901,,10,9,2848,1281,4214,,14,7,2323,2002,6061,,13,9,1294,2310,2714,,10,10,2802,1166,2673,,11,9,1146,3474,2796,,11,12,2633,2099,3927,,13,7,4530,3648,4606,,10,8,1486,2247,3322,,9,12,4194,1612,3241
86,1,2,2,1,11,16,13,4469,1494,8061,1,2,5,3510,1387,3972,11,18,1,1830,1673,8591,11,16,5,1773,1440,5892,11,2,16,4544,2535,9508,11,17,1,2316,1248,10014,11,16,5,1960,6909,10673,1,15,5,11056,1396,12694,8,14,1,8530,2710,5262,11,10,1,8735,1964,5999,11,0,5,10529,1021,9572,1,0,11,9992,3805,10339,,0,1,1907,1147,11436,,0,16,1574,1071,12665,,9,16,5918,2105,8743,,19,16,3723,2001,11033,,16,1,1472,2681,10029,,15,5,1510,1229,5493,,17,11,1247,3712,8728,,15,8,12549,5062,9344,,14,13,1981,2068,9187,,17,11,4833,6138,4993,,3,5,2115,1087,1306,,9,1,11722,1104,3372
33,0,1,2,1,10,12,13,4377,2021,9829,8,6,11,4799,1266,8766,10,6,15,12914,2635,10936,5,10,10,843,1991,7661,10,5,4,5584,1855,3975,12,5,13,8570,3707,6894,5,12,11,2168,2263,6747,17,14,13,4119,2958,3122,15,12,17,3257,2182,1559,17,6,14,6322,3426,2788,10,12,13,2146,1721,3795,9,8,12,7175,1073,3511,8,6,15,6819,1196,4282,10,12,10,2461,4037,8828,10,10,13,6118,2298,4818,10,6,9,9994,3150,2880,20,6,15,1808,2261,1724,7,14,10,5874,2332,6488,9,8,7,6560,1459,3558,14,6,15,6442,1502,2022,5,13,10,6544,4324,5093,7,2,15,5929,2375,1502,6,12,15,1057,2102,5417,10,8,13,2980,2747,2869
25,0,2,1,1,10,9,10,3665,9090,7147,10,9,9,8339,6547,3304,7,3,8,8076,3911,3438,11,6,9,1371,5550,4114,7,1,8,4196,3394,2549,7,6,8,11640,1706,5432,7,7,5,9066,2572,7625,10,8,7,1722,1816,7949,5,1,0,3758,5833,1738,8,8,8,3677,1354,5589,5,7,8,12751,3375,1885,1,1,0,2640,2014,3139,8,8,9,10936,2636,3643,2,5,4,12742,2271,2606,8,6,0,3823,2845,5395,2,7,7,2554,1386,2542,2,7,6,1558,1495,7019,2,7,7,3192,2304,9712,2,7,0,1384,1987,7284,11,7,8,2833,1817,1977,2,7,5,2354,2310,4322,1,7,0,3859,1457,1261,9,7,6,4824,1638,3356,2,7,0,3787,1459,2833
60,1,2,1,1,5,20,5,6159,864,7113,15,20,15,7433,1013,7334,15,18,16,8426,1933,7739,15,18,15,2203,2724,9077,15,17,16,4427,1567,7848,14,15,16,4726,1650,4314,12,15,15,9407,839,6454,20,17,17,4394,2466,7112,18,17,17,10449,2225,8096,15,16,15,4232,2579,8185,10,15,12,7262,2865,6584,18,14,12,7882,1826,7007,20,,14,3285,1235,4007,16,,14,1824,2725,3233,10,,12,2583,3143,3293,20,,16,3459,1894,8777,11,,17,7721,949,12932,15,,17,5910,5663,3377,20,,17,5062,793,6274,20,,18,6896,1743,7072,15,,16,5908,4225,3555,0,,12,3476,7084,7782,15,,8,8566,3768,6439,15,,16,3755,3633,8158
84,1,2,1,1,10,15,15,2217,5358,2823,15,13,15,2417,1635,1744,10,10,6,1757,1373,1376,10,11,12,1915,1750,2882,1,14,11,1892,2140,1316,10,2,11,3987,1823,1824,1,8,5,2086,1775,1421,6,9,11,3139,1824,1344,1,15,11,1788,1508,1308,10,9,11,3001,5060,1864,1,10,10,1717,1884,2503,10,11,11,3506,1645,2555,1,,6,1961,1708,2052,1,,0,2108,1370,3595,1,,0,1680,1911,3133,5,,10,1688,1821,7049,2,,6,2565,2176,7009,2,,10,2126,1727,2436,8,,0,1787,1874,4836,1,,10,2859,2116,3448,5,,10,1969,5182,2992,8,,10,5005,2929,3490,5,,0,2230,1727,4408,6,,10,5241,1137,4567
85,1,2,1,2,10,15,10,2497,2175,2090,8,1,8,4760,6574,3680,8,13,8,4569,3695,1503,12,13,11,1878,3344,1114,8,13,10,1639,1169,4771,5,12,8,1833,3329,903,10,12,8,2407,1254,4358,10,14,10,3302,3671,1748,8,0,5,6154,1107,923,8,14,10,3793,1759,1420,12,10,6,4013,2199,807,4,10,8,1785,2377,949,12,,9,3376,4163,3479,5,,8,3715,1383,1095,10,,7,5108,5601,1387,8,,10,7056,2454,1522,10,,9,4631,1957,5080,5,,5,1492,2385,955,10,,13,1594,9152,1045,8,,5,964,2675,817,8,,10,2577,2729,1306,8,,8,906,4093,1460,8,,9,2111,2423,2860,10,,8,1535,3752,1430
26,1,1,1,2,19,10,14,5335,1945,2611,16,14,15,3818,1928,3952,14,14,14,1043,1250,2648,13,12,14,841,1483,3075,12,13,12,2019,1729,2870,14,14,14,1469,1667,2533,16,15,15,1353,1431,3544,16,15,15,2320,1420,5234,15,14,15,1791,1303,1875,15,15,14,1791,2817,3191,16,15,15,1435,1620,4691,16,16,16,2169,1537,2995,15,15,15,1923,1350,1559,16,16,15,1778,3443,2444,16,17,16,1557,1869,1702,16,16,16,5602,2497,3262,17,16,16,1265,2906,1900,18,17,17,9381,1513,1855,17,17,16,5134,3041,2404,17,16,17,1625,1423,2656,15,15,15,1661,1712,1594,14,13,14,6052,1740,1753,15,15,14,2207,1742,2950,17,16,17,1428,2134,2615
27,0,3,,2,8,5,11,4115,3494,11547,8,2,0,2974,1375,3262,0,1,0,9452,804,5375,8,3,5,2601,762,6202,8,4,7,5998,864,6649,8,3,5,3654,779,4222,8,5,6,3233,824,2917,8,3,9,6220,1770,2968,5,0,3,7610,1800,4194,5,3,1,4150,1221,6909,5,7,6,7126,815,4689,0,4,0,7915,1344,3008,8,0,11,4610,702,2014,8,0,8,3533,1064,2549,6,0,0,4939,916,3314,0,0,3,3325,1174,6332,8,0,7,5786,1093,2903,0,0,4,11827,793,6096,6,0,9,1657,984,8442,8,0,0,3667,916,3639,8,0,4,2692,820,3377,10,6,0,3307,940,6012,8,0,5,3343,977,2372,8,0,6,5846,1065,4040
32,1,2,,2,3,5,1,3883,3826,2286,2,3,1,3233,1692,3918,3,10,6,4851,3906,3257,11,16,12,5126,2680,2597,11,15,11,2694,1230,2317,10,10,1,5198,1456,1910,10,10,5,2535,1314,2025,6,8,3,2181,1417,784,6,8,1,2120,1635,2165,2,6,1,658,1838,1912,2,5,1,1640,2454,2168,6,16,5,2460,1838,3210,8,15,6,1791,1889,2175,6,10,1,3680,1592,2130,5,3,1,4779,1596,3148,8,10,1,3478,1777,2431,8,17,7,2608,1114,2706,6,5,0,3700,1927,2091,9,15,2,1968,1328,3279,3,10,6,4682,1391,4725,4,15,8,1467,1094,2720,14,15,2,2010,1218,2274,13,15,2,2530,1083,3245,15,15,2,2772,3175,3232
30,0,1,,2,8,1,9,5365,2171,4386,9,2,9,2578,1575,9375,12,10,9,1769,1831,3103,10,9,8,1598,2260,2616,14,9,13,4743,5224,8901,12,9,12,3543,4534,2322,13,10,13,2522,3558,3088,14,10,12,1433,1374,1677,12,10,8,1141,5995,949,10,10,7,2542,2869,965,12,10,10,4016,1811,3238,13,10,10,1319,3442,2089,13,10,10,1273,2843,5082,14,15,10,5380,6502,4008,15,14,12,3041,2677,3260,14,13,12,2523,2115,2333,10,12,5,5021,8320,3494,9,11,6,1472,3783,3922,9,10,6,1311,1762,1327,12,9,7,952,1872,3942,12,8,10,1097,2283,3004,13,9,12,7199,2079,5138,11,10,8,5356,6291,1485,8,10,4,1088,2902,3686
28,0,1,,1,10,10,8,2655,12956,2153,5,1,10,2073,8699,5580,10,10,10,2173,5457,3368,10,8,10,1016,8570,3965,10,10,5,2935,9327,4845,0,15,5,1457,5598,2303,10,15,12,1847,5505,4824,10,15,10,1046,8064,3461,10,1,3,3100,5857,4521,0,1,1,1236,2037,2117,10,1,0,7362,5106,3658,10,1,1,6503,3498,3119,15,1,10,1528,12595,2392,10,15,0,1424,9657,3794,10,10,15,5853,5034,3208,10,10,10,2677,1971,9819,0,1,0,7029,1782,1802,10,5,10,2271,7005,3297,10,13,10,6782,4454,6826,10,0,0,3401,6012,5469,10,1,8,5525,10040,6052,10,10,15,4807,10892,8022,10,0,15,5892,7938,8903,10,15,10,2657,5189,2412
29,1,1,,2,5,5,5,849,1407,1579,3,6,5,1038,934,1123,5,4,5,785,827,897,7,6,4,743,1121,2036,2,5,5,806,3947,933,5,4,2,832,4155,976,6,6,3,1665,862,1457,7,4,6,822,4526,1357,3,6,7,792,3943,1106,2,5,5,1471,953,1907,8,5,7,784,872,1247,8,7,3,789,2040,1313,5,6,5,1380,2468,1059,7,5,7,771,774,2371,3,7,6,723,5868,1799,5,6,7,1688,4762,3705,0,6,2,1447,5723,1105,3,4,7,1126,1079,1947,3,4,2,2224,1426,1242,7,4,3,868,1040,2301,5,4,5,877,7002,2967,7,5,7,904,4150,1143,8,6,7,1536,7288,1175,3,7,7,730,3604,3576
72,1,,,1,15,5,5,1542,3979,2280,7,8,6,1193,2079,3702,11,15,8,1434,2734,1475,11,12,8,2028,1581,2229,8,15,10,3018,1863,2752,13,14,10,2785,1851,2838,8,12,10,3439,3318,2284,8,8,2,1171,1906,4695,8,14,16,990,1605,1701,9,13,10,915,1618,1586,8,4,2,940,1306,2311,7,13,8,1185,1341,1582,7,12,6,1146,4254,2920,9,9,7,1094,3370,4128,6,13,0,891,1662,2001,9,2,10,1513,1422,2459,5,12,10,3068,3203,2191,9,13,0,1273,2119,2695,5,12,6,744,2407,1037,0,12,8,1669,1998,2991,11,12,10,2893,2003,1563,9,8,7,956,1539,1841,0,8,2,1025,1719,4461,5,17,8,843,1683,1829
75,1,,,1,12,9,10,1515,10606,4305,12,8,7,5040,3817,5656,12,9,5,1252,1850,3222,13,9,15,1623,1209,5301,12,10,3,1173,1495,2231,12,8,7,1020,3685,3371,13,9,10,8237,2626,2588,11,9,0,1897,8158,2646,12,9,7,2099,2008,5322,13,10,9,2090,2385,4606,12,7,7,1676,3674,3338,13,9,12,1913,1447,2481,12,7,10,2197,4496,2348,13,11,12,960,2541,3245,12,8,7,4301,3981,1324,11,11,7,1258,8771,3688,12,7,10,1776,2542,2046,13,10,12,11226,2239,5746,11,10,7,5967,1442,3513,12,11,7,1653,4727,3463,10,8,7,3582,3948,2939,11,9,12,1601,2116,2918,10,11,7,2582,2806,1920,11,9,7,2377,9543,2986
74,0,,,2,15,15,11,2985,6438,4448,10,12,8,1708,1842,947,5,7,6,1536,871,2351,10,14,9,1103,3731,3875,10,7,12,1316,679,1353,10,11,8,1604,3732,1817,10,13,8,1564,1698,3394,15,13,9,1305,4225,2284,15,13,6,1334,3563,3752,10,10,5,2564,3268,1891,10,10,6,1190,8108,2023,10,8,5,1574,2785,2322,10,14,11,2802,1729,1624,14,11,2,1587,7092,978,10,7,5,1428,3773,780,15,16,8,1253,4717,4102,15,9,12,3831,5012,4442,10,10,3,2803,10731,3115,10,10,9,1009,4395,6757,15,7,10,1371,2085,6764,15,7,7,6184,2573,3632,10,7,5,1150,4431,3780,15,14,12,1363,3084,2384,15,6,6,1087,2298,4548
45,0,,,1,15,15,11,8921,11408,1583,13,15,12,7368,5796,1074,8,12,11,2778,4692,1244,15,14,14,1642,3210,2195,18,10,11,1329,4455,1664,20,15,15,7708,5311,2426,13,10,11,6478,7138,3030,10,15,12,7566,1912,834,15,10,11,6239,2610,1088,16,10,10,7617,6390,6479,15,12,10,2689,7266,3284,15,12,14,6402,9918,5918,8,18,15,3796,3487,3710,16,10,15,3800,1418,3011,18,13,10,1377,2199,3170,17,16,11,6338,1535,5725,15,14,12,4669,3292,4910,17,14,13,6609,1829,6029,6,10,13,2666,7407,3753,10,12,10,4574,3036,3446,8,12,10,5149,1731,2442,17,10,11,4501,6545,2705,15,14,10,1559,5532,1444,14,12,10,7955,4231,2113
42,1,,,2,20,9,10,1690,2531,2916,11,9,7,1875,2151,1034,9,2,9,1479,1098,823,8,1,3,1812,1932,807,8,3,9,3704,1011,998,9,5,5,1912,1396,820,7,3,6,1570,1928,843,7,3,6,1803,1377,1003,8,5,9,2217,859,832,8,4,5,1758,897,724,7,1,3,1685,2790,3426,8,3,9,2400,2226,684,9,3,9,1493,1802,1165,8,3,6,2108,3326,1400,7,1,3,1469,1545,861,7,3,5,3702,1501,1108,7,3,5,2121,2994,843,7,3,7,1652,2314,2955,7,7,8,2425,1139,1794,8,6,6,3581,2823,898,8,5,7,1300,1300,943,7,4,7,2215,1171,810,8,5,7,1904,2210,883,9,5,9,735,1581,695
41,0,,,2,16,15,19,2771,3224,3215,17,15,18,3152,2080,2679,18,15,18,1928,1956,2267,18,10,17,2081,1803,1948,15,10,10,1354,2862,1785,10,8,8,2049,4684,3071,9,5,7,1444,1400,2062,6,5,5,2349,1774,4138,4,5,5,1427,1996,2141,17,10,8,2138,2249,2520,14,10,8,1824,3326,2680,5,8,8,1657,2362,2566,6,5,8,2044,2586,2680,18,5,6,3327,2198,2265,5,5,8,2563,2239,3766,10,10,6,2439,2929,1573,19,10,8,3155,2572,1994,14,8,7,3895,1885,1552,4,5,7,2392,7336,2268,8,5,6,1612,3436,2461,15,10,7,2391,2772,1893,5,9,8,2550,2034,1924,3,5,8,2798,3573,2605,5,5,6,2787,5101,1668
43,0,,,1,7,7,13,5065,5811,3217,7,12,7,1005,4274,4574,10,10,6,2836,2072,5647,8,10,13,2531,3012,6836,12,13,11,5470,2202,4236,9,7,9,3965,2737,4610,0,7,13,1396,5771,6250,9,13,10,1198,3670,5077,12,12,11,2110,2842,3039,3,12,13,4149,1889,1289,1,10,13,1495,2338,3064,13,11,10,2631,4773,7548,11,0,1,1834,2469,5301,3,10,0,4254,2244,8680,11,12,10,4185,7110,5654,0,14,0,2756,4289,4241,13,7,13,2018,2296,4622,11,0,0,3242,3392,4396,12,8,15,5598,8167,4426,12,13,5,2776,4349,7660,7,8,13,3946,5221,5716,1,13,15,1619,1414,5189,4,1,13,5974,9215,6377,7,12,0,943,5257,4462
44,0,,,2,5,7,20,5901,2198,5167,5,8,7,3694,3926,3706,6,8,6,1687,3279,3176,7,9,5,2338,2112,2395,5,7,7,7309,971,2172,6,7,9,6213,1599,3421,7,9,13,3879,2071,1241,7,8,11,9685,1817,3758,7,8,7,3613,1505,4092,6,9,7,1516,1607,2584,6,7,9,5766,1717,3276,7,10,9,6534,1807,1806,7,8,7,4483,1365,6235,6,8,7,4788,1774,3013,6,7,6,2651,1733,1880,6,5,6,3702,1734,5997,6,9,10,5216,7128,2139,5,8,9,1516,3037,1720,5,5,7,10387,2814,5712,5,8,6,3281,951,7263,5,10,10,3937,1279,1575,5,8,7,12448,1117,3571,5,5,9,2676,1764,1345,5,10,10,2432,2181,3621
71,0,,,1,10,5,10,3062,1713,3228,10,5,10,1611,928,1861,10,5,10,1475,895,1547,8,5,10,1763,1053,1541,8,0,1,1429,739,2093,5,2,0,1534,833,1849,3,0,3,1330,2665,1713,10,10,5,1388,2669,2424,5,5,5,2832,1631,1564,5,1,4,1150,1026,2715,5,1,0,1244,1004,3578,10,1,4,1322,1093,1876,10,1,8,1381,914,6795,3,1,0,2015,1782,1233,6,1,4,2068,809,3137,6,1,0,2411,1246,1131,5,5,4,6871,986,1515,10,10,8,1557,1670,8652,10,5,5,1399,995,4126,8,3,10,1246,840,5957,6,3,7,3189,799,5286,8,10,7,1126,1805,2302,12,10,10,1011,3841,11123,10,10,0,1595,2208,3763
73,1,,,2,10,9,12,5202,12,6309,10,8,10,2202,2298,2921,13,10,9,1978,3699,1705,13,12,11,1946,1598,3554,9,13,11,2826,2360,1633,5,6,8,1714,2167,3471,1,10,7,2935,4209,2919,16,12,13,3660,1559,8137,9,12,12,1487,3129,1873,8,8,9,1059,2092,6263,12,8,13,1124,1796,2350,12,10,11,2574,2806,2152,8,8,9,1729,955,1455,9,6,1,1052,3483,1679,10,12,11,1312,3842,1261,1,14,13,814,2117,1309,9,8,7,3488,2436,1720,13,10,8,1462,1809,3456,13,10,8,917,2481,1053,1,2,7,1155,3658,3034,13,10,8,1317,2337,1120,14,6,8,1461,2603,1804,8,10,8,1848,2451,1581,9,12,8,1295,4593,2364
